{"type":"FeatureCollection","features":[{"type":"Feature","properties":{"id":"vial","kind":"road","status":"estimado-visual"},"geometry":{"type":"MultiPolygon","coordinates":[[[[-110.9571334897546,29.07676242549322],[-110.95713518976181,29.076762136016217],[-110.95712741849918,29.076718109482346],[-110.95713113174068,29.076715512192578],[-110.95711946,29.07666966],[-110.95715986,29.07661328],[-110.95743805,29.07644637],[-110.95744470778459,29.076474235453816],[-110.95744647902603,29.076472979308537],[-110.95745065464732,29.076492016473807],[-110.95757708108297,29.07640358535816],[-110.95755965897258,29.076299566095567],[-110.95747495,29.07630605],[-110.95747383,29.07629562],[-110.95746769,29.07623846],[-110.95746671550584,29.07622936113195],[-110.95744592,29.07603569],[-110.95749863062721,29.07603027125851],[-110.95749726605766,29.07602380061261],[-110.95751826451156,29.076022000543837],[-110.95750809965539,29.075950911501753],[-110.95743754,29.07595669],[-110.95740832,29.07576062],[-110.95748026711502,29.075756261562944],[-110.95747075524051,29.075680924317453],[-110.95736418,29.07568815],[-110.95731072,29.07527068],[-110.95741812930846,29.075263408055847],[-110.95741330457041,29.07522512928774],[-110.95732343,29.0752308],[-110.95725198,29.07478072],[-110.95736008144767,29.074768517272524],[-110.95735359753182,29.07471695901441],[-110.95725034,29.07472883],[-110.95720215,29.07428428],[-110.95729785051223,29.0742736745404],[-110.9572923333489,29.07422980362384],[-110.95719765,29.0742414],[-110.95714482,29.07376751],[-110.9572330570296,29.073758455160345],[-110.95722673982249,29.073708222522715],[-110.9571394,29.07371786],[-110.95712936335822,29.073625488034455],[-110.95705304133612,29.073633014900008],[-110.95706398,29.07372686],[-110.95654158,29.0737756],[-110.95651677,29.07373232],[-110.95655254,29.07369571],[-110.95654448496079,29.073683168648024],[-110.95651920576337,29.07368566167841],[-110.95651617971001,29.07367730701387],[-110.9563296318445,29.073693688076514],[-110.95637489,29.07377402],[-110.95638089,29.07378918],[-110.95605162,29.07381497],[-110.95603875422566,29.07371923049954],[-110.95593062120172,29.073728725831124],[-110.955971248,29.073989697],[-110.95540646,29.07401065],[-110.95540162826175,29.07392381519057],[-110.95533184150834,29.073910540972093],[-110.95533938,29.07400611],[-110.95473552,29.07388406],[-110.95473556235197,29.0737936320243],[-110.95467360589363,29.073781297114557],[-110.95467357,29.07386598],[-110.95436886,29.07381172],[-110.9543784217856,29.07372252891786],[-110.95430010037772,29.073706935910717],[-110.95428123,29.07380266],[-110.9538736,29.07370323],[-110.95388391,29.07361071],[-110.95401257086057,29.073613435526017],[-110.95401355257133,29.073581070967727],[-110.95388485,29.07358363],[-110.95393294,29.07310869],[-110.95399499986584,29.073100692494428],[-110.95399725890398,29.07307231975946],[-110.95385350145223,29.07306446448681],[-110.95384204704004,29.073208327928363],[-110.95386734,29.07320971],[-110.95385352,29.07342828],[-110.95384798,29.07361092],[-110.95384017,29.07376288],[-110.95382566,29.07387051],[-110.95380923,29.07394331],[-110.95374518,29.07414198],[-110.95371874,29.07427949],[-110.95371188,29.07434715],[-110.95373405,29.07448285],[-110.95371892,29.07455626],[-110.95369110325419,29.074553848400384],[-110.95379460843621,29.07460442857143],[-110.95390195102881,29.07459753285264],[-110.95400364413581,29.07459753285264],[-110.95407426430042,29.074618220009015],[-110.95407270682831,29.07462867555517],[-110.95407715050078,29.07462861361307],[-110.95407046739176,29.074643709232156],[-110.95406296512346,29.07469407309599],[-110.95401494341564,29.074825091843174],[-110.95393019917695,29.074976797566475],[-110.95384545493827,29.075121607300588],[-110.95376353549383,29.07523883415953],[-110.95379482062664,29.075332388158838],[-110.953835,29.0753256],[-110.9537956067978,29.075334739098377],[-110.95382003168724,29.075407778458768],[-110.95388500226338,29.075662918341596],[-110.95298953827161,29.07588013150068],[-110.95289631965021,29.07553190058585],[-110.95292619023682,29.075522935318496],[-110.95292322959372,29.07551477938672],[-110.95278597040627,29.07555302061328],[-110.95279624660769,29.07558132932692],[-110.95284374,29.07557786],[-110.95293498,29.07588752],[-110.95268666,29.07596388],[-110.95249125,29.07600182],[-110.95248224563588,29.07600309981404],[-110.9524575802017,29.076010155144182],[-110.95241599369768,29.076012516376906],[-110.95233745,29.07602368],[-110.951732,29.07607031],[-110.95168543,29.07607389],[-110.95166635897752,29.075891191918682],[-110.95165103342063,29.075883203064556],[-110.95139565,29.07586229],[-110.95089055,29.07582409],[-110.95089554,29.07572666],[-110.9509064,29.07565212],[-110.95094765,29.07562915],[-110.95117785,29.07564678],[-110.95176511,29.07563783],[-110.95203518,29.07561306],[-110.95211482115549,29.075604387933957],[-110.95211297147155,29.07555012463081],[-110.95188685,29.07557245],[-110.95152446,29.07558783],[-110.95139597,29.07559132],[-110.95122223,29.07558777],[-110.95122447462141,29.07555326291783],[-110.95112528472487,29.075553863817557],[-110.95112249,29.07557657],[-110.95091085,29.07557868],[-110.95091400253077,29.07556217657506],[-110.95089394271325,29.075566362285013],[-110.95084797275618,29.075599986025047],[-110.95083172219053,29.075641639773725],[-110.95082869000672,29.075652457294378],[-110.95083218,29.0756544],[-110.95081869,29.07582285],[-110.95072634441965,29.075812978531165],[-110.95072268938621,29.075884343241988],[-110.95080731,29.07589288],[-110.95080603105879,29.075962443406947],[-110.95089373250543,29.075969076143558],[-110.950893719,29.07591131],[-110.95160032,29.07594808],[-110.95160875,29.07608003],[-110.9515214050688,29.0760860659811],[-110.95152874988455,29.076156428424657],[-110.95165955,29.07614882],[-110.95168412,29.07654597],[-110.9515344,29.07655003],[-110.95140920575056,29.0765534071518],[-110.95086054,29.07656825],[-110.95086880656767,29.076456868408233],[-110.95079378749203,29.076458993789085],[-110.95078574,29.07657048],[-110.9507050901485,29.07657154950362],[-110.95070260143659,29.07660513391489],[-110.95075055,29.07660422],[-110.95079305,29.07660343],[-110.95077150439093,29.076903257345162],[-110.950757,29.0771052],[-110.95074392,29.07728712],[-110.95081082,29.07772945],[-110.95071423033276,29.077746470703406],[-110.9507223313098,29.077802337979538],[-110.95081922,29.07778586],[-110.95082869230573,29.077873626385134],[-110.9509167383597,29.077858109056663],[-110.95090908403348,29.077806318809312],[-110.95092913993177,29.077802868381852],[-110.95092485,29.07776558],[-110.95156153064634,29.077656224952484],[-110.95163994,29.07764275],[-110.95172833546954,29.077627574875763],[-110.95182312266544,29.07761129440867],[-110.95199748,29.07758134],[-110.95206011460976,29.077570589126545],[-110.95223588,29.0775404],[-110.95228988,29.07805943],[-110.9522093986291,29.078067121899355],[-110.95221427991981,29.078123551671855],[-110.95221427991983,29.078123551671855],[-110.9522357058692,29.078121491322175],[-110.95227191,29.078118],[-110.952294371,29.07811585],[-110.95230345334281,29.078205233072396],[-110.9523894751524,29.07819711780734],[-110.95238885,29.07818863],[-110.95238801695014,29.07817717698102],[-110.95238686677409,29.078161448394283],[-110.95238589,29.07814818],[-110.95238535915267,29.078140831764017],[-110.95238294,29.07810775],[-110.95247454,29.07809909],[-110.95248590620534,29.078098017435405],[-110.9527106384927,29.07807677530556],[-110.95274931,29.07807311],[-110.95277328346701,29.078070853981597],[-110.95283338107487,29.078065173439633],[-110.95284091,29.07806446],[-110.95285227618766,29.078063387437076],[-110.95290948559276,29.078057979893615],[-110.95293249,29.0780558],[-110.95297828,29.07805146],[-110.95302409,29.07804714],[-110.95306063004564,29.07804369342801],[-110.95311568,29.07803849],[-110.95311763,29.07803829],[-110.95316146,29.07803406],[-110.95320725,29.07802962],[-110.95325303,29.0780252],[-110.95329882,29.07802077],[-110.9533446,29.07801634],[-110.95339037,29.07801191],[-110.95340494609205,29.078010502697097],[-110.95344642638884,29.078006489362448],[-110.95346203,29.07800497],[-110.95348194,29.07800305],[-110.95357351,29.07799418],[-110.95361929,29.07798975],[-110.95365158553005,29.077986639642116],[-110.95367834517495,29.07798405057168],[-110.95371086,29.07798089],[-110.95374740410415,29.07797736892726],[-110.95389062857367,29.077963511559524],[-110.95393978,29.07795875],[-110.95398555,29.07795432],[-110.95403134,29.07794989],[-110.95407712,29.07794546],[-110.95412291,29.07794103],[-110.95416869,29.0779366],[-110.95420572595658,29.07793302500703],[-110.95435182,29.07791889],[-110.95436488,29.07798772],[-110.9543702028876,29.078015773166413],[-110.95443612014388,29.07800984867109],[-110.95441934,29.07790762],[-110.95450718,29.07790142],[-110.95455111,29.07789832],[-110.95455969143775,29.077897720159065],[-110.95475579775885,29.07788388758694],[-110.95477074,29.07788283],[-110.95477959932188,29.077882208717863],[-110.95516605,29.07785495],[-110.95516705767207,29.077901275613744],[-110.95522151616541,29.077895910931012],[-110.95521991,29.07784045],[-110.95576883,29.07779074],[-110.9557841719777,29.07788438757022],[-110.95587052807956,29.077877066890593],[-110.95585648,29.077784],[-110.95644970126271,29.077737052312383],[-110.95647296847362,29.07773406744789],[-110.95647321046042,29.07773519178826],[-110.956474484,29.077735091],[-110.95647918603939,29.07776295605037],[-110.9564925968416,29.077824332156],[-110.95665625140302,29.077810458641707],[-110.95665480473745,29.077802694087943],[-110.95668630019962,29.077799935586466],[-110.95666615260666,29.077707427877066],[-110.95716834225838,29.077633544501214],[-110.9571981221049,29.077755108129296],[-110.9573346454716,29.0777431508541],[-110.9571334897546,29.07676242549322]],[[-110.952835629,29.07607929],[-110.95314308,29.07606602],[-110.95345052,29.07605277],[-110.95345550248683,29.07608655221973],[-110.95352055560703,29.076082408846347],[-110.95351549,29.07604805],[-110.95381551,29.07603603],[-110.95396552,29.07603002],[-110.95405749,29.07646783],[-110.95358026,29.07648737],[-110.95357363353125,29.07644242418792],[-110.95350854262676,29.07644617457799],[-110.95351494,29.07648955],[-110.95286975,29.0765148],[-110.952835629,29.07607929]],[[-110.9531333421221,29.07794039905591],[-110.95313654,29.07798165],[-110.95294574,29.07799965],[-110.95275492,29.07801763],[-110.95270619835215,29.07802221848075],[-110.95237331,29.0780536],[-110.95236145239667,29.077916526313157],[-110.95235046,29.07778958],[-110.95233905,29.07765757],[-110.95232763,29.07752554],[-110.95258203,29.07748125],[-110.95272149,29.07745698],[-110.95272390551688,29.07745655976394],[-110.95309088,29.07739268],[-110.95309346953131,29.07742610505932],[-110.9531629968205,29.077413752328265],[-110.95316023,29.07738142],[-110.95368555507964,29.077291339986342],[-110.95386066,29.07726131],[-110.95405188891118,29.077228522965367],[-110.95421088,29.07720126],[-110.95425308,29.07742542],[-110.95427175979381,29.077524700136987],[-110.95433746,29.07787375],[-110.95421229,29.077885],[-110.95408714,29.07789623],[-110.95383683,29.07791871],[-110.95371166,29.07792995],[-110.95358651,29.0779412],[-110.95350051016557,29.07794891232134],[-110.95321102,29.07797491],[-110.95320743432812,29.07793297742209],[-110.95317644542351,29.077935994566005],[-110.9531844,29.0779987],[-110.95317605482157,29.07793603354164],[-110.9531333421221,29.07794039905591]],[[-110.95669730174897,29.074989705182517],[-110.95668614731926,29.074992165421836],[-110.956706823,29.075114281],[-110.95670982113897,29.0752545983674],[-110.95672345144595,29.075358019207627],[-110.95674988,29.07550842],[-110.95675755875823,29.075552153841272],[-110.95679005,29.07573709],[-110.95659017377503,29.075751822309915],[-110.95654374,29.07575525],[-110.95630855,29.07577258],[-110.95623031,29.07510742],[-110.956235277,29.075083539],[-110.95624099336283,29.07506468618543],[-110.95619571851852,29.075035485714288],[-110.95605211162551,29.07386298927445],[-110.95639968179013,29.073832468589455],[-110.95645587582305,29.073987615322217],[-110.95654745113168,29.074364036052277],[-110.95657034506173,29.07462346029743],[-110.95657867006173,29.074697218026138],[-110.95659764101981,29.074715132315166],[-110.956604507,29.074705614],[-110.9566147265394,29.0746895847893],[-110.956603,29.074686],[-110.9566157362843,29.074688001017947],[-110.95663068,29.074664562],[-110.95666979536095,29.074895586795606],[-110.95669730174897,29.074989705182517]],[[-110.95572178,29.07582795],[-110.95573125,29.07556352],[-110.956116965,29.075429184],[-110.95614030742595,29.075727969551036],[-110.95614319853581,29.075752139467404],[-110.95614220089129,29.075752206109993],[-110.95614499,29.075787907],[-110.95572178,29.07582795]],[[-110.95561486,29.07600351],[-110.955658123724,29.075994156923386],[-110.95565941302097,29.075973932280085],[-110.95569495583945,29.075908631296468],[-110.95615926918681,29.0758776151958],[-110.9561854453074,29.07606809798586],[-110.95623327290839,29.07642580441584],[-110.95625206498038,29.07655717619845],[-110.956291897,29.076756338],[-110.95599683,29.07681178],[-110.955794,29.07684989],[-110.955746181,29.07685888],[-110.95572268,29.07686329],[-110.95563555,29.0764142],[-110.95561486,29.07600351]],[[-110.9571201299484,29.077512687714144],[-110.95714115,29.07761517],[-110.95667143,29.07765631],[-110.95665535539602,29.077581066488616],[-110.95664043350425,29.07758326183401],[-110.95649347797364,29.0768439479881],[-110.95649774009246,29.076843328705873],[-110.95649215,29.07681717],[-110.95654657682947,29.07680844308121],[-110.95660092,29.07679972],[-110.956673,29.07678817],[-110.95668961411944,29.07678550816426],[-110.95674114079536,29.076777246262537],[-110.95678148,29.07677077],[-110.95680916063809,29.07676633980979],[-110.95687199602386,29.0767562646444],[-110.95687383,29.07675597],[-110.95690183,29.07675148],[-110.95696202,29.07674183],[-110.95698529065992,29.076855285022198],[-110.95704929628822,29.07712914619925],[-110.95711501764553,29.077418380282428],[-110.95713784068079,29.077510082067665],[-110.9571201299484,29.077512687714144]],[[-110.95695862,29.07582342],[-110.95698753030354,29.075820712766426],[-110.95698532298674,29.075808500359205],[-110.95728402584645,29.075784464525036],[-110.957284884161,29.07578626501245],[-110.95729040849719,29.07579236808863],[-110.95731915,29.07578968],[-110.95735648170961,29.07605076342596],[-110.95741462001948,29.076326449202025],[-110.95739990646851,29.076339086006783],[-110.95740049,29.07634257],[-110.95737548708404,29.076360058713824],[-110.95736932805109,29.076365348429203],[-110.95711824886915,29.076543938519716],[-110.95711761503252,29.076540431695882],[-110.95709094,29.07655909],[-110.95704729,29.07630898],[-110.95695862,29.07582342]],[[-110.95679684023017,29.07586065078022],[-110.95680931,29.07585948],[-110.956868139035,29.07619280361934],[-110.95687882,29.07625326],[-110.95689420731638,29.0763405057515],[-110.95694831,29.07664705],[-110.95646951,29.07672858],[-110.95640091,29.07631662],[-110.95633225,29.07590426],[-110.95635946447894,29.075901706173557],[-110.95635414331697,29.07586298424858],[-110.95659402170543,29.075843082911955],[-110.95679042881696,29.07582517839626],[-110.95679684023017,29.07586065078022]],[[-110.95441797,29.07782995],[-110.95428514,29.07718858],[-110.95561626,29.07694075],[-110.95569657965491,29.077451373212583],[-110.95574566671378,29.077697117619387],[-110.95573538353774,29.077698064552735],[-110.95573571,29.07770014],[-110.95441797,29.07782995]],[[-110.95554618,29.0764156],[-110.95560931,29.07688129],[-110.95426512,29.07709872],[-110.95404915,29.07601671],[-110.95543966139309,29.075924340880675],[-110.955488476,29.075921098],[-110.95550546,29.07591997],[-110.95550700243497,29.075938743994183],[-110.95551949114054,29.075937834403074],[-110.95551718697904,29.075942067719915],[-110.95551285651386,29.07600999785277],[-110.95554618,29.0764156]],[[-110.95573745,29.07694],[-110.956308961,29.076841662],[-110.956465483,29.077681748],[-110.95584498,29.07773435],[-110.95573745,29.07694]],[[-110.95481298,29.07547308],[-110.95566552,29.07525435],[-110.95569623,29.07553866],[-110.95567175,29.07584557],[-110.95490878,29.07589422],[-110.95481298,29.07547308]],[[-110.95573323,29.07552966],[-110.95570446,29.07524532],[-110.956096182,29.075146852],[-110.956103597,29.075258031],[-110.956114327,29.075395418],[-110.95573323,29.07552966]],[[-110.95691788,29.07559935],[-110.95689962,29.0754836],[-110.95688135,29.07536785],[-110.95687308,29.07531534],[-110.95686238,29.07525217],[-110.95684285,29.07513658],[-110.95678422,29.07478983],[-110.95719114,29.07477645],[-110.95722954,29.07508109],[-110.95726793971592,29.075385747746196],[-110.95726794,29.07538575],[-110.95730634,29.0756904],[-110.95693615,29.07571511],[-110.95691788,29.07559935]],[[-110.95472131,29.07457029],[-110.95529822,29.07454566],[-110.95524109,29.07531062],[-110.9551344,29.07533708],[-110.95511475292504,29.07534194570034],[-110.95478669,29.07542329],[-110.95472131,29.07457029]],[[-110.956101816,29.075096439],[-110.95529791,29.0753016],[-110.95538145,29.07453666],[-110.956036242,29.07448379],[-110.956101816,29.075096439]],[[-110.955980426,29.074048646],[-110.956031675,29.074441122],[-110.95573268,29.07446771],[-110.95539125,29.07449806],[-110.95540643,29.07407383],[-110.955980426,29.074048646]],[[-110.9569844,29.07474454],[-110.95677875,29.07475575],[-110.9566064,29.07394786],[-110.95656688,29.07382608],[-110.95706972,29.07377649],[-110.95719005,29.07473332],[-110.9569844,29.07474454]],[[-110.95530832,29.07450029],[-110.95505831,29.07451182],[-110.95472495,29.07452717],[-110.9547252,29.07394272],[-110.95534325,29.07406028],[-110.95530832,29.07450029]],[[-110.95413085,29.07681874],[-110.95419651,29.07713355],[-110.95400257,29.07716751],[-110.953905599,29.07718449],[-110.95380862,29.07720146],[-110.95371165,29.07721845],[-110.95361468,29.07723542],[-110.95351769,29.0772524],[-110.95345981735754,29.07726252643545],[-110.9533580041825,29.077280351373073],[-110.95332375,29.07728635],[-110.95330630770454,29.077289402131925],[-110.95313938190546,29.077318626659643],[-110.95303283,29.07733729],[-110.95293585,29.07735426],[-110.95290408,29.07695146],[-110.95287231,29.07654865],[-110.95406517,29.07650392],[-110.95413085,29.07681874]],[[-110.95357111,29.07598363],[-110.9529998,29.07601218],[-110.95261894,29.07603125],[-110.95389835,29.07571603],[-110.95395198,29.07596458],[-110.95357111,29.07598363]],[[-110.95394992,29.075766],[-110.953956,29.07571862],[-110.95402085,29.07567577],[-110.954739371,29.07549065],[-110.9548099745618,29.07580635667314],[-110.95482026,29.07585229],[-110.9548318,29.07590395],[-110.95471735,29.07591228],[-110.95469272,29.07591406],[-110.95455365,29.07592417],[-110.95452451331774,29.075926282790835],[-110.9544379856551,29.075932571394613],[-110.95441454,29.07593428],[-110.95433362852901,29.075940155797074],[-110.95399729,29.0759646],[-110.95394991,29.07581338],[-110.95394992,29.075766]],[[-110.953942711,29.07564486],[-110.95381617,29.07524695],[-110.95421911,29.07459495],[-110.95465802,29.07458155],[-110.9547196,29.07544585],[-110.953942711,29.07564486]],[[-110.95466812,29.07454069],[-110.95421895,29.07455858],[-110.95433289,29.07386135],[-110.95467354,29.07392917],[-110.95466812,29.07454069]],[[-110.95410208,29.07457922],[-110.95391969,29.074555],[-110.95379328,29.074561],[-110.95376908,29.07444046],[-110.953759149,29.07429903],[-110.95379343,29.07411545],[-110.95388194,29.07377925],[-110.95427157,29.07386222],[-110.95410208,29.07457922]],[[-110.95085748,29.07674112],[-110.95086785,29.07660118],[-110.95283388,29.07654548],[-110.95287739654785,29.077021770750207],[-110.9528804,29.07705462],[-110.95288971,29.07715646],[-110.95290831,29.07736012],[-110.95259565,29.07741522],[-110.95233783393667,29.077460631580387],[-110.95225961354961,29.077474413148494],[-110.95212668,29.07749785],[-110.95197034,29.07752538],[-110.95181402,29.07755294],[-110.95174003,29.07756597],[-110.95165769,29.07758048],[-110.9515534766607,29.077598826667717],[-110.95087606,29.07771818],[-110.95081585,29.07730295],[-110.95085748,29.07674112]],[[-110.9517166,29.07654598],[-110.95170138,29.07614657],[-110.95230603,29.07611168],[-110.95266882,29.07609074],[-110.95278974,29.07608377],[-110.95282111,29.07651705],[-110.9517166,29.07654598]]],[[[-110.95328538773865,29.07415958436643],[-110.9532620171347,29.07420145758399],[-110.95336523765432,29.07423895403335],[-110.95349235401234,29.074401004236144],[-110.95355732458847,29.074487200991438],[-110.9536405030994,29.074528639827765],[-110.95363691,29.07452569],[-110.95352348,29.07438782],[-110.95343878,29.07425142],[-110.95336503,29.07420175],[-110.953402515432,29.07414678875527],[-110.9533813289186,29.07413641927382],[-110.95334175,29.07419385],[-110.95328538773865,29.07415958436643]]]]}},{"type":"Feature","properties":{"id":"pasos","kind":"path","status":"estimado-visual"},"geometry":{"type":"Polygon","coordinates":[[[-110.95317603097821,29.077935854494616],[-110.9531760511253,29.07793585330935],[-110.95317607130796,29.077935853859817],[-110.95317609133188,29.07793585614072],[-110.95317611100417,29.07793586013009],[-110.95317613013539,29.077935865789506],[-110.95317613194631,29.07793586650527],[-110.95317632765162,29.077935846832865],[-110.95317632897806,29.077935845948286],[-110.95317634616653,29.07793583666476],[-110.9531763643109,29.07793582890191],[-110.95317638323644,29.077935822734496],[-110.95317640276086,29.077935818221913],[-110.95317642269616,29.07793581540762],[-110.95318334733005,29.07793514121093],[-110.95313868113747,29.07768759941378],[-110.9530986910368,29.077425361299063],[-110.95309368531402,29.077426250652696],[-110.95309368642218,29.077426255133933],[-110.95309368873839,29.077426272503768],[-110.95309464908428,29.07743866842202],[-110.95309464944933,29.077438686447895],[-110.95309464775725,29.077438704415563],[-110.95309464402496,29.077438722145292],[-110.95309464025398,29.077438733529878],[-110.9531094066094,29.0776317578111],[-110.95311831886254,29.07769020058622],[-110.95316288681151,29.077937197913506],[-110.95317603097821,29.077935854494616]]]}},{"type":"Feature","properties":{"id":"C01","kind":"sidewalk","status":"estimado-visual"},"geometry":{"type":"MultiPolygon","coordinates":[[[[-110.95627886934409,29.0767486460053],[-110.95573185787552,29.07685142849433],[-110.95564682482562,29.07641314670414],[-110.95562657475682,29.07601118920009],[-110.9556694679722,29.07600191622282],[-110.95567207336343,29.075997298876654],[-110.95567275105036,29.07599099467818],[-110.95565833268581,29.075994111748454],[-110.95565832916519,29.07599416697504],[-110.9556583270591,29.075994184523974],[-110.95565832300457,29.075994201808435],[-110.95565831704049,29.07599421866279],[-110.95565830922398,29.075994234925535],[-110.95565829962995,29.075994250440843],[-110.95565828835034,29.075994265060036],[-110.95565827549322,29.075994278643027],[-110.9556582611818,29.075994291059665],[-110.95565824555322,29.075994302190963],[-110.95565822875723,29.075994311930263],[-110.95565821095478,29.075994320184236],[-110.95565819231645,29.07599432687379],[-110.95565817302085,29.075994331934826],[-110.95561507299557,29.076003649621818],[-110.95563575499682,29.076414180849167],[-110.95572284687046,29.07686307433626],[-110.95574613786577,29.076858703743973],[-110.95579395685145,29.076849713746668],[-110.95599678685092,29.07681160374677],[-110.95629166013353,29.07675619814555],[-110.95625186230653,29.076557207308586],[-110.95625186081595,29.076557198613028],[-110.95625133677378,29.076553535134323],[-110.95620461288148,29.07631991367467],[-110.9562189674237,29.0764272724371],[-110.9562299471699,29.076504033042276],[-110.95627886934409,29.0767486460053]]],[[[-110.95616153604989,29.075999680203633],[-110.956154906,29.075914819],[-110.95614994475235,29.07591533070312],[-110.95616153604989,29.075999680203633]]]]}},{"type":"Feature","properties":{"id":"C02","kind":"sidewalk","status":"estimado-visual"},"geometry":{"type":"Polygon","coordinates":[[[-110.95678465622711,29.075867380283043],[-110.956786452426,29.075869391677006],[-110.95678921645073,29.07587133772278],[-110.95679977601121,29.075870346291126],[-110.95687417910555,29.07629187407011],[-110.95688295136306,29.076290260560704],[-110.95694526539208,29.076643366263788],[-110.95685511055525,29.076652820072443],[-110.95647899584115,29.07671686483569],[-110.95647496896505,29.076692682446804],[-110.95647387503153,29.076692797158767],[-110.95643197392204,29.076488806188085],[-110.95641985078066,29.07641600371985],[-110.95642859784219,29.076414212362636],[-110.95634514538607,29.075913020978703],[-110.95636950619375,29.075910734942838],[-110.95637286602859,29.07590632974134],[-110.95637364231163,29.075903930061347],[-110.9563737777834,29.075900363002685],[-110.9563596689547,29.075901686985404],[-110.95635967019565,29.075901702420957],[-110.95635966961184,29.075901720251093],[-110.9563596670194,29.075901737943383],[-110.95635966244373,29.075901755324594],[-110.95635965592965,29.075901772224526],[-110.9563596475409,29.075901788477704],[-110.95635963735968,29.075901803924978],[-110.95635962548563,29.075901818415094],[-110.95635961203506,29.075901831806167],[-110.95635959713964,29.075901843967074],[-110.95635958094523,29.07590185477874],[-110.95635956361042,29.075901864135293],[-110.95635954530493,29.075901871945128],[-110.95635952620802,29.075901878131763],[-110.95635950650667,29.07590188263462],[-110.9563594863938,29.075901885409618],[-110.95633248446157,29.075904419290524],[-110.95640111360633,29.0763165939794],[-110.95646968246984,29.076728366997013],[-110.95694807640378,29.076646906141885],[-110.95689400396806,29.07634053327712],[-110.95687861665577,29.076253287548845],[-110.95686793569003,29.076192831163972],[-110.95680913666287,29.075859677568165],[-110.9567968621563,29.075860830015223],[-110.95679684134039,29.075860831038977],[-110.95679682051309,29.075860830212072],[-110.95679679988821,29.075860827543],[-110.95679677967752,29.075860823059163],[-110.9567967600885,29.075860816806596],[-110.95679674132226,29.07586080884949],[-110.95679672357149,29.07586079926954],[-110.95679670701841,29.0758607881651],[-110.95679669183296,29.075860775650174],[-110.95679667817107,29.07586076185325],[-110.95679666617298,29.075860746915975],[-110.95679665596188,29.075860730991707],[-110.9567966476426,29.075860714243934],[-110.95679664130056,29.075860696844597],[-110.95679663700085,29.075860678972337],[-110.95679663538158,29.07586067001335],[-110.95678250082844,29.075861997099214],[-110.95678465622711,29.075867380283043]]]}},{"type":"Feature","properties":{"id":"C03","kind":"sidewalk","status":"estimado-visual"},"geometry":{"type":"Polygon","coordinates":[[[-110.95738741713677,29.076332809307576],[-110.95738834936304,29.076338375194126],[-110.95709916962922,29.076540646865812],[-110.9570584709545,29.0763074476554],[-110.95697167829564,29.075832168040762],[-110.95699759158356,29.075829741455276],[-110.9569993692649,29.075827899417302],[-110.9570012031989,29.075824679997176],[-110.95700189408784,29.07581983833804],[-110.95727686354985,29.075797712268017],[-110.95728007949977,29.075801162308963],[-110.95728277837482,29.075803052419154],[-110.95730930206818,29.075800571754204],[-110.95735190315219,29.07609850713085],[-110.9573893645562,29.076276145185044],[-110.95738488,29.07624937],[-110.95735692235625,29.076053845136823],[-110.9573562793725,29.076050796175224],[-110.95735627754394,29.076050785831697],[-110.9573189709467,29.075789878031895],[-110.95729043033947,29.07579254733149],[-110.9572904096668,29.075792548347096],[-110.95729038898229,29.075792547537443],[-110.95729036849538,29.07579254491073],[-110.95729034841351,29.07579254049355],[-110.95729032894005,29.075792534330628],[-110.95729031027216,29.075792526484378],[-110.95729029259888,29.07579251703424],[-110.95729027609916,29.07579250607591],[-110.95729026094008,29.07579249372035],[-110.95729024727514,29.075792480092666],[-110.95729016779295,29.075792392283766],[-110.95698773487707,29.075820695300383],[-110.95698773567375,29.075820701657328],[-110.95698773594798,29.075820718841314],[-110.95698773435306,29.075820735970087],[-110.95698773090349,29.075820752887957],[-110.95698772563061,29.07582076944115],[-110.95698771858237,29.075820785479216],[-110.95698770982281,29.075820800856377],[-110.95698769943156,29.075820815432866],[-110.95698768750306,29.0758208290762],[-110.95698767414574,29.075820841662363],[-110.956987659481,29.07582085307696],[-110.95698764364215,29.07582086321624],[-110.95698762677313,29.07582087198805],[-110.95698760902727,29.075820879312655],[-110.95698759056587,29.07582088512348],[-110.95698757155674,29.075820889367712],[-110.95698755217263,29.075820892006774],[-110.95695885742356,29.075823579055285],[-110.95704749317764,29.076308951523433],[-110.95704749339767,29.07630895275561],[-110.95709108962963,29.076558754670287],[-110.95711748664998,29.076540290826486],[-110.95711750324166,29.076540280359904],[-110.9571175209371,29.07654027138753],[-110.95711753956158,29.07654026399795],[-110.95711755893123,29.076540258264128],[-110.95711757885479,29.076540254242673],[-110.95711759913554,29.076540251973295],[-110.95711761957325,29.0765402514784],[-110.95711763996614,29.07654025276287],[-110.95711766011284,29.07654025581403],[-110.95711767981444,29.076540260601746],[-110.95711769887642,29.076540267078755],[-110.95711771711058,29.0765402751811],[-110.95711773433686,29.076540284828784],[-110.95711775038521,29.076540295926556],[-110.95711776509715,29.076540308364837],[-110.95711777570315,29.07654031931208],[-110.95737390330156,29.076361166517348],[-110.95737534303963,29.07635992999131],[-110.9573753587015,29.07635991784443],[-110.95740026926114,29.076342493730802],[-110.95739970288712,29.07633911217674],[-110.95739970098097,29.076339095302586],[-110.95739970089309,29.076339078346184],[-110.95739970262424,29.076339061457563],[-110.95739970615912,29.076339044786167],[-110.95739971146644,29.076339028479513],[-110.95739971849925,29.076339012681892],[-110.9573997271953,29.07633899753309],[-110.95739973747766,29.076338983167147],[-110.95739974925533,29.076338969711184],[-110.95739976242412,29.076338957284268],[-110.95739986950535,29.076338865317027],[-110.9573973190469,29.07632363772396],[-110.95738982336049,29.07633007543067],[-110.95738741713677,29.076332809307576]]]}},{"type":"Feature","properties":{"id":"C04","kind":"sidewalk","status":"estimado-visual"},"geometry":{"type":"Polygon","coordinates":[[[-110.95726773548174,29.075385769784532],[-110.95726773519766,29.075385767530726],[-110.95722933548183,29.07508110978519],[-110.95719095648653,29.07477663642244],[-110.95678445718866,29.074790002589264],[-110.95684305354358,29.075136553605265],[-110.9568625835381,29.075252143572786],[-110.95687328353259,29.075315313540308],[-110.95687328383028,29.075315315361735],[-110.9568815538261,29.07536782533515],[-110.95689982382399,29.075483575321826],[-110.95691808382311,29.075599325316244],[-110.95693632731835,29.07571491738024],[-110.95730611211815,29.075690234427153],[-110.95726773548174,29.075385769784532]],[[-110.95718104675892,29.07478670323398],[-110.95729380638203,29.075681292576025],[-110.95694590237777,29.07570451508097],[-110.95688428277072,29.075313934769614],[-110.95686569776078,29.075204096775295],[-110.9568623365944,29.075192023402103],[-110.95686359453072,29.07519164862566],[-110.9567972653765,29.074799322409483],[-110.95718104675892,29.07478670323398]]]}},{"type":"Feature","properties":{"id":"C05","kind":"sidewalk","status":"estimado-visual"},"geometry":{"type":"Polygon","coordinates":[[[-110.95660245225756,29.074727021229386],[-110.95661423757302,29.074710683234812],[-110.95662436004119,29.074694806279048],[-110.95666307457161,29.074923463672434],[-110.95667983950432,29.07498082810798],[-110.95667646614814,29.074982822644397],[-110.95667364839358,29.074985915225966],[-110.95669552174094,29.07511510451323],[-110.95669911761186,29.075283396626183],[-110.95673329652217,29.07547920722736],[-110.95674997991581,29.07554237637134],[-110.95674448571701,29.075542909758294],[-110.95674815596277,29.075563813391486],[-110.95674959053655,29.075563653382634],[-110.95675121256748,29.07558122207421],[-110.95675121256748,29.07558122207421],[-110.9567770197777,29.07572810019809],[-110.95631866892255,29.075761885003605],[-110.95630058763113,29.075608148771142],[-110.95629945332564,29.07560832117848],[-110.95626966838694,29.0753788276307],[-110.9562735411627,29.075378221436335],[-110.95626842961956,29.07533476942652],[-110.95623479474112,29.075116434636893],[-110.95624251140491,29.075114430223422],[-110.95624173246674,29.075107808200777],[-110.95624632997242,29.075085703704563],[-110.95625421184904,29.07505970893074],[-110.95625165995477,29.075056206900065],[-110.95624496723326,29.075051580186955],[-110.9562410501324,29.07506449895688],[-110.95624111535093,29.075064541020232],[-110.95624113123081,29.07506455237264],[-110.95624114574271,29.07506456505278],[-110.95624115874266,29.075064578934843],[-110.95624117010165,29.075064593881077],[-110.95624117970696,29.075064609743187],[-110.95624118746333,29.07506462636378],[-110.95624119329376,29.075064643577946],[-110.95624119714041,29.075064661214874],[-110.95624119896512,29.07506467909957],[-110.95624119874977,29.075064697054575],[-110.95624119649649,29.075064714901732],[-110.95624119222767,29.075064732463957],[-110.95623547796313,29.075083578358267],[-110.95623051768116,29.0751074270584],[-110.95630873397808,29.07577238554569],[-110.95654372273904,29.07575507037401],[-110.95659015652447,29.07575164268316],[-110.9567898131016,29.075736926562865],[-110.95675735538876,29.075552181246728],[-110.95674967663243,29.075508447416244],[-110.95672324808028,29.075358046634662],[-110.9567232470426,29.075358039883483],[-110.95672262840571,29.07535334593582],[-110.95671045,29.07528403],[-110.95670986121655,29.075256474058236],[-110.95670961673562,29.075254619043257],[-110.95670961541369,29.075254601741097],[-110.95670661752257,29.07511429597297],[-110.9566859437848,29.074992191870553],[-110.95668594180654,29.074992174280187],[-110.95668594180424,29.07499215660465],[-110.95668594377791,29.074992139013894],[-110.95668594770859,29.074992121677038],[-110.95668595355849,29.07499210476078],[-110.95668596127136,29.07499208842777],[-110.95668597077304,29.074992072835038],[-110.95668598197217,29.07499205813251],[-110.95668599476109,29.074992044461546],[-110.95668600901682,29.074992031953588],[-110.95668602460229,29.0749920207289],[-110.95668604136766,29.074992010895404],[-110.95668605915174,29.07499200254765],[-110.95668607778353,29.074991995765895],[-110.95668609708389,29.074991990615345],[-110.95668611697938,29.07499198622716],[-110.9566700878735,29.07489731444554],[-110.95666959602939,29.074895631506475],[-110.95666959182651,29.074895613244323],[-110.95663056509166,29.074665111895982],[-110.9566159159236,29.07468808891989],[-110.95661590556116,29.074688103495948],[-110.95661589366257,29.07468811714205],[-110.95661588033582,29.074688129734355],[-110.95661586570183,29.074688141158592],[-110.95661584989342,29.07468815131109],[-110.95661583305403,29.07468816009972],[-110.95661581533649,29.074688167444723],[-110.95661579690156,29.07468817327945],[-110.95661577791655,29.07468817755095],[-110.95661575855375,29.07468818022046],[-110.95661573898884,29.074688181263753],[-110.95661571939941,29.074688180671366],[-110.9566156999632,29.07468817844867],[-110.95661563015462,29.074688167480936],[-110.95661482679834,29.0746894275345],[-110.9566148304805,29.074689429218434],[-110.95661484717556,29.074689438759552],[-110.95661486273845,29.074689449671137],[-110.95661487702313,29.07468946185079],[-110.95661488989553,29.07468947518421],[-110.95661490123487,29.07468948954626],[-110.9566149109347,29.07468950480215],[-110.95661491890401,29.074689520808715],[-110.95661492506801,29.07468953741573],[-110.95661492936883,29.074689554467337],[-110.95661493176613,29.074689571803514],[-110.95661493223739,29.07468958926156],[-110.9566149307782,29.074689606677634],[-110.95661492740226,29.07468962388829],[-110.95661492214124,29.074689640732004],[-110.95661491504453,29.074689657050705],[-110.95661490617871,29.074689672691242],[-110.9566046866393,29.07470570190194],[-110.9566046809399,29.074705710298524],[-110.95659781495972,29.07471522861369],[-110.95659780358227,29.074715242822222],[-110.95659779069778,29.07471525600631],[-110.95659777642575,29.07471526804374],[-110.95659776089845,29.074715278822914],[-110.95659774425982,29.074715288243915],[-110.95659772666414,29.074715296219395],[-110.95659770827449,29.07471530267543],[-110.95659768926137,29.07471530755216],[-110.95659766980104,29.074715310804383],[-110.95659765007389,29.074715312401946],[-110.9565976302628,29.074715312330042],[-110.95659761055144,29.074715310589337],[-110.95659759112253,29.074715307195966],[-110.9565975721562,29.074715302181385],[-110.95659755382825,29.074715295592085],[-110.95659753630858,29.074715287489152],[-110.9565975312075,29.074715284548077],[-110.95658995415843,29.074725788618764],[-110.95659414821067,29.074727373970923],[-110.95659688802958,29.074727733356383],[-110.95660245225756,29.074727021229386]]]}},{"type":"Feature","properties":{"id":"C06","kind":"sidewalk","status":"estimado-visual"},"geometry":{"type":"Polygon","coordinates":[[[-110.95610339158901,29.075258041514534],[-110.95609599158755,29.075147087399447],[-110.955704679949,29.075245452246012],[-110.95573341047736,29.075529402139477],[-110.95611411151198,29.075395299618883],[-110.95610339171863,29.075258043305],[-110.95610339158901,29.075258041514534]],[[-110.95571655791964,29.07525259334827],[-110.95608570931495,29.07515979896962],[-110.95609230268067,29.075258658552617],[-110.95610247515881,29.075388907038654],[-110.95574315742743,29.075515477258044],[-110.95573369119218,29.075421835967852],[-110.95571839631255,29.075359474501877],[-110.95571210225523,29.075297325056468],[-110.95572088695788,29.07529533959501],[-110.95571655791964,29.07525259334827]]]}},{"type":"Feature","properties":{"id":"C07","kind":"sidewalk","status":"estimado-visual"},"geometry":{"type":"Polygon","coordinates":[[[-110.9561401027852,29.075727988338127],[-110.95614010214489,29.075727981859764],[-110.95611677897375,29.075429442772396],[-110.95573145142782,29.07556364383071],[-110.9557219930778,29.075827748529495],[-110.95614477120989,29.07578774639168],[-110.95614199561022,29.07575221841872],[-110.95614199521862,29.075752200819444],[-110.95614199678823,29.07575218327062],[-110.95614200030408,29.07575216593958],[-110.95614200573267,29.07575214899159],[-110.95614201302223,29.07575213258826],[-110.95614202210322,29.075752116886004],[-110.95614203288908,29.07575210203456],[-110.95614204527693,29.075752088175538],[-110.95614205914868,29.07575207544109],[-110.95614207437201,29.07575206395266],[-110.9561420908018,29.075752053819784],[-110.95614210828136,29.07575204513909],[-110.95614212664401,29.075752037993357],[-110.95614214571465,29.07575203245072],[-110.95614216531143,29.075752028564033],[-110.9561421852475,29.075752026370356],[-110.95614218684094,29.075752026263917],[-110.9561406969735,29.075732955801303],[-110.9561401027852,29.075727988338127]],[[-110.95611600467849,29.075562087845817],[-110.956132956522,29.075779073257547],[-110.95573349928007,29.0758168690973],[-110.95574232853063,29.075570330688958],[-110.9561067335557,29.07544341648172],[-110.9561155107657,29.075555765709264],[-110.95611674364231,29.075557620935776],[-110.95611600467849,29.075562087845817]]]}},{"type":"Feature","properties":{"id":"C08","kind":"sidewalk","status":"estimado-visual"},"geometry":{"type":"Polygon","coordinates":[[[-110.95569602355961,29.07553866222321],[-110.9556653386345,29.075254584364057],[-110.95481321860936,29.075473206614156],[-110.95490894628162,29.075894028659004],[-110.9556715571724,29.075845401557235],[-110.95569602355961,29.07553866222321]],[[-110.95565554489806,29.075267240023113],[-110.95568487566747,29.07553878124916],[-110.95566114441071,29.07583630559661],[-110.9549179254638,29.075883696132927],[-110.95482610351496,29.075480043778626],[-110.95565554489806,29.075267240023113]]]}},{"type":"Feature","properties":{"id":"C09","kind":"sidewalk","status":"estimado-visual"},"geometry":{"type":"Polygon","coordinates":[[[-110.95513434399015,29.075336906545562],[-110.95524089416305,29.075310481223838],[-110.9552979996175,29.07454584988408],[-110.95472152933984,29.07457046111103],[-110.95478687828705,29.07542305597133],[-110.95511469695214,29.075341772236754],[-110.95513434399015,29.075336906545562]],[[-110.95478027839403,29.075191657537154],[-110.9547333736913,29.07457970110662],[-110.95528609896266,29.074556103624456],[-110.95523031896761,29.07530298731108],[-110.95479704576262,29.075410418097054],[-110.95478090034852,29.075199772055193],[-110.95477896946855,29.075191832056063],[-110.95478027839403,29.075191657537154]]]}},{"type":"Feature","properties":{"id":"C10","kind":"sidewalk","status":"estimado-visual"},"geometry":{"type":"Polygon","coordinates":[[[-110.95529814371986,29.075301352599357],[-110.95610159526946,29.07509630757747],[-110.95603605631658,29.07448398601804],[-110.95538163859399,29.074536825797686],[-110.95529814371986,29.075301352599357]],[[-110.95572460520641,29.07451103434301],[-110.95603410664069,29.07448604420747],[-110.95605447711245,29.074676362765942],[-110.9560455198658,29.074676667662512],[-110.95607042649026,29.074909366881222],[-110.95607907483641,29.074906175969257],[-110.9560975464689,29.075078753929546],[-110.95608875680132,29.075080624494635],[-110.95608967581991,29.07508921076089],[-110.95531076459227,29.075287992964746],[-110.95533203763104,29.075093204860014],[-110.9553318334322,29.075090615553584],[-110.95532338451562,29.075090106499317],[-110.9553502148343,29.074844432762536],[-110.95535908895752,29.07484550744942],[-110.95538475712135,29.074610475066876],[-110.95537871937432,29.07458342889801],[-110.95538357076755,29.07453900676799],[-110.95559973126228,29.07452122325289],[-110.95559992435136,29.074528976077485],[-110.95565665275743,29.074524395644573],[-110.9557035991176,29.07451641539353],[-110.95570369493988,29.074520597308325],[-110.95571502941057,29.074519682126915],[-110.95571450757477,29.074512081030573],[-110.95572460520641,29.07451103434301]]]}},{"type":"Feature","properties":{"id":"C11","kind":"sidewalk","status":"estimado-visual"},"geometry":{"type":"Polygon","coordinates":[[[-110.95573265922509,29.07446753065978],[-110.95603144688626,29.074440961097295],[-110.95598024351001,29.074048834494025],[-110.95540662971766,29.07407400172471],[-110.95539146302329,29.074497859877262],[-110.95573265922509,29.07446753065978]],[[-110.95598017798382,29.074064986121705],[-110.956024540033,29.074404720352835],[-110.95601564384937,29.07440558427089],[-110.95601912874382,29.07443227235127],[-110.95540296628037,29.07448705324942],[-110.95541741446812,29.07408327494332],[-110.95597038905916,29.0740590132346],[-110.95597121546712,29.074065342046612],[-110.95598017798382,29.074064986121705]]]}},{"type":"Feature","properties":{"id":"C12","kind":"sidewalk","status":"estimado-visual"},"geometry":{"type":"MultiPolygon","coordinates":[[[[-110.95625498852812,29.075061703661472],[-110.95625407596829,29.07506085921489],[-110.95625096546415,29.075071117793563],[-110.95625345848948,29.0750727256956],[-110.9562553704483,29.075065447025555],[-110.95625498852812,29.075061703661472]]],[[[-110.95667217457276,29.074989103285965],[-110.95667176126743,29.07499154821894],[-110.95667211062478,29.074995261378206],[-110.95667491796368,29.07499464218693],[-110.95667348561037,29.07498618236136],[-110.95667312396647,29.074986775837086],[-110.95667217457276,29.074989103285965]]],[[[-110.95669705117648,29.07498957456271],[-110.95667058235836,29.07489900642042],[-110.95668631750358,29.074991941999215],[-110.95669705117648,29.07498957456271]]],[[[-110.95665126961052,29.074872169300214],[-110.95665819239859,29.074895856948554],[-110.95664210420865,29.07480083620224],[-110.95663518142058,29.0747771485539],[-110.95665126961052,29.074872169300214]]],[[[-110.95660101792923,29.07472739890464],[-110.95660111076836,29.074727375092056],[-110.95660076408383,29.074727419461805],[-110.95660101792923,29.07472739890464]]],[[[-110.95660277820532,29.074726906799263],[-110.95660363612271,29.07472660561116],[-110.95660742738251,29.074724373584324],[-110.95660574887003,29.07472278856382],[-110.95660277820532,29.074726906799263]]],[[[-110.95617817205925,29.074799297044912],[-110.95606457975673,29.073871858483173],[-110.95639167255813,29.07384313594778],[-110.9564449223684,29.07399015394336],[-110.95649185792016,29.074183082746085],[-110.95649195049096,29.074183027751378],[-110.9564920992953,29.074184074919735],[-110.95653622595066,29.074365457740857],[-110.95655907119536,29.074624330304466],[-110.95656778294891,29.07470151458729],[-110.95659124151318,29.074723666525994],[-110.9565973572676,29.074715188249552],[-110.95659736902547,29.07471517361285],[-110.95659738238218,29.074715160069786],[-110.95659738629463,29.074715156819266],[-110.95657851921904,29.07469734062654],[-110.95657850690402,29.074697327857834],[-110.9565784959921,29.074697314144615],[-110.95657848657713,29.07469729960481],[-110.95657847874006,29.074697284363456],[-110.95657847254829,29.074697268551628],[-110.95657846805506,29.074697252305295],[-110.95657846529902,29.074697235764173],[-110.95657014029902,29.074623478035466],[-110.95657013991261,29.074623474192396],[-110.95654724703749,29.07436406190116],[-110.95645567666932,29.073987661478967],[-110.95639953616772,29.073832662541427],[-110.95605233831881,29.07386315053279],[-110.95619591344273,29.075035387589974],[-110.95624087205917,29.075064384106735],[-110.95624393761636,29.075054273765055],[-110.95620643935015,29.07503008887702],[-110.95618485831028,29.074853887777685],[-110.9561714360193,29.07480358678878],[-110.95617817205925,29.074799297044912]]]]}},{"type":"Feature","properties":{"id":"C13","kind":"sidewalk","status":"estimado-visual"},"geometry":{"type":"Polygon","coordinates":[[[-110.95656714432374,29.07382623533237],[-110.9566065979181,29.073947810704826],[-110.9566066022592,29.073947826883437],[-110.95677891883061,29.07475556018705],[-110.95698438721632,29.07474436008686],[-110.95718982184566,29.074733151837204],[-110.95706953806278,29.073776689342555],[-110.95656714432374,29.07382623533237]],[[-110.957059713453,29.073787453840424],[-110.95717750151188,29.074724071046305],[-110.95678803568363,29.074745310287643],[-110.9566174283118,29.073945588850883],[-110.95658141780636,29.073834623280238],[-110.957059713453,29.073787453840424]]]}},{"type":"Feature","properties":{"id":"C14","kind":"sidewalk","status":"estimado-visual"},"geometry":{"type":"Polygon","coordinates":[[[-110.9547251558426,29.07452698001151],[-110.95505829919168,29.074511639987485],[-110.95530812736622,29.07450011837294],[-110.95534303238426,29.074060423068318],[-110.9547254056657,29.073942943581166],[-110.9547251558426,29.07452698001151]],[[-110.95494288517469,29.07398624745143],[-110.95501075984565,29.074007182035192],[-110.95533128113452,29.074068148757494],[-110.95530279987419,29.07442692457667],[-110.95530474956342,29.074488192404498],[-110.95529786797194,29.07448905129604],[-110.955297725142,29.074490850511665],[-110.95527508761619,29.074491894512597],[-110.95520852827623,29.07450020178486],[-110.955207827315,29.07449499643361],[-110.95519462981582,29.074495605077928],[-110.95519488940887,29.07449769128888],[-110.9551254888227,29.074498793732985],[-110.95473627134297,29.07451672063293],[-110.95473651161316,29.073955016964064],[-110.95489027201371,29.073984263906365],[-110.9549074313811,29.073979503744653],[-110.95494288517469,29.07398624745143]]]}},{"type":"Feature","properties":{"id":"C15","kind":"sidewalk","status":"estimado-visual"},"geometry":{"type":"Polygon","coordinates":[[[-110.95421918890267,29.07455839003717],[-110.95466791575971,29.074540517687115],[-110.9546733329594,29.073929313637795],[-110.95433306205254,29.07386156911144],[-110.95421918890267,29.07455839003717]],[[-110.95423208964696,29.074548132044157],[-110.9543423528893,29.073873401129184],[-110.95466215269934,29.073937070065384],[-110.95465688646603,29.074531212804015],[-110.95423208964696,29.074548132044157]]]}},{"type":"Feature","properties":{"id":"C16","kind":"sidewalk","status":"estimado-visual"},"geometry":{"type":"Polygon","coordinates":[[[-110.95379363198998,29.074115484843563],[-110.95375935579145,29.074299039131],[-110.95376928466065,29.074440438785928],[-110.95379345104679,29.074560811355582],[-110.95391967886839,29.074554820002607],[-110.95391969990422,29.07455481994757],[-110.95391972083652,29.07455482177442],[-110.95410191805459,29.074579016174454],[-110.95427132819246,29.073862354018264],[-110.95388209370756,29.073779468241472],[-110.95379363198998,29.074115484843563]],[[-110.95409317220432,29.07456800948892],[-110.95392023759312,29.074545045092385],[-110.95380268757394,29.074550624556945],[-110.9537803363361,29.074439293225918],[-110.95377052253018,29.074299532217886],[-110.95380453945715,29.074117366364533],[-110.95389039391593,29.073791253280834],[-110.95425827046104,29.073869590978003],[-110.95409317220432,29.07456800948892]]]}},{"type":"Feature","properties":{"id":"C17","kind":"sidewalk","status":"estimado-visual"},"geometry":{"type":"MultiPolygon","coordinates":[[[[-110.95365473423455,29.074526735889222],[-110.95364544904464,29.074519113024394],[-110.95353307909325,29.074382531474548],[-110.95344757639813,29.074244838822672],[-110.95337990812898,29.074199264816862],[-110.95341678673648,29.0741451932999],[-110.95341470837192,29.07414007168701],[-110.95341294219229,29.074138083530045],[-110.95340989558987,29.074135967947257],[-110.95340262086283,29.0741466341723],[-110.95340263321697,29.074146640949934],[-110.9534026494709,29.074146651989242],[-110.95340266438572,29.074146664394913],[-110.95340267781242,29.074146678043],[-110.95340268961685,29.074146692797154],[-110.9534026996811,29.074146708509975],[-110.95340270790462,29.074146725024487],[-110.95340271420524,29.0741467421757],[-110.95340271852002,29.074146759792264],[-110.95340272080587,29.074146777698182],[-110.95340272103992,29.074146795714565],[-110.95340271921985,29.07414681366142],[-110.95340271536385,29.074146831359453],[-110.95340270951043,29.07414684863185],[-110.95340270171808,29.07414686530605],[-110.95340269206464,29.074146881215473],[-110.95336530051144,29.074201704814854],[-110.95343890540707,29.07425127708829],[-110.95343892170752,29.074251289301877],[-110.95343893646807,29.0742513029357],[-110.95343894952838,29.074251317841608],[-110.9534389607465,29.074251333857625],[-110.95352365452896,29.07438772384499],[-110.95363706525536,29.074525570418626],[-110.95364064379649,29.07452850829449],[-110.95364065765645,29.074528520830984],[-110.9536406700676,29.07452853448295],[-110.9536406809136,29.074528549122416],[-110.95364069009275,29.074528564612148],[-110.95364069751906,29.07452858080695],[-110.95364070312289,29.07452859755501],[-110.95364070685169,29.074528614699332],[-110.95364070867052,29.074528632079208],[-110.95364070856235,29.074528649531718],[-110.95364070652816,29.074528666893265],[-110.95364070258705,29.074528684001102],[-110.95364069677595,29.07452870069486],[-110.95364068914932,29.074528716818048],[-110.95364067977869,29.074528732219534],[-110.95364066875185,29.074528746754943],[-110.9536406561722,29.074528760288022],[-110.95364065311954,29.074528762989843],[-110.95365100450971,29.074537261173393],[-110.95365406045846,29.07453290052437],[-110.95365488550635,29.074529319104677],[-110.95365473423455,29.074526735889222]]],[[[-110.95327796033179,29.07414877320267],[-110.9532735677308,29.074152398351398],[-110.95328521888139,29.074159481709074],[-110.95328522346148,29.07415947582301],[-110.95328523605272,29.07415946256713],[-110.95328525003225,29.074159450426],[-110.95328526527211,29.074159439510733],[-110.95328528163283,29.074159429921234],[-110.95328529896466,29.07415942174527],[-110.95328531710898,29.074159415057668],[-110.95328533589972,29.074159409919634],[-110.95328535516492,29.074159406378197],[-110.95328537472824,29.074159404465767],[-110.95328539441063,29.074159404199843],[-110.95328541403195,29.07415940558287],[-110.95328543341265,29.074159408602174],[-110.9532854523753,29.074159413230134],[-110.95328547074638,29.074159419424394],[-110.95328548835775,29.07415942712825],[-110.95328550504823,29.07415943627121],[-110.95334168717743,29.0741935923928],[-110.95338115277197,29.074136326104725],[-110.9533811637853,29.07413631173209],[-110.9533811763215,29.07413629835122],[-110.95338119026498,29.074136286085512],[-110.95338120548713,29.074136275048083],[-110.95338122184758,29.074136265340723],[-110.95338123919545,29.07413625705295],[-110.95338125737076,29.074136250261198],[-110.9533812762059,29.074136245028104],[-110.95338129552717,29.07413624140192],[-110.95338131515636,29.074136239416095],[-110.95338133491248,29.07413623908894],[-110.95338135461331,29.07413624042347],[-110.9533813740772,29.07413624340738],[-110.95338139312462,29.07413624801315],[-110.95338141157993,29.07413625419831],[-110.95338142927292,29.074136261905814],[-110.95338143532788,29.07413626486934],[-110.95338877756821,29.074125610960422],[-110.95338449002044,29.074124108623064],[-110.95338174849009,29.07412380633219],[-110.95337624270603,29.074124617486778],[-110.95333829475807,29.074179681603876],[-110.9532845227146,29.074146990702314],[-110.95328175901444,29.0741473730907],[-110.95327796033179,29.07414877320267]]],[[[-110.95383247131186,29.07321773832834],[-110.95385541887006,29.073218992241262],[-110.9538422114459,29.073427874057252],[-110.95383666989126,29.07361056531024],[-110.9538288830591,29.073762074531135],[-110.95381447279452,29.0738689647294],[-110.9537982159728,29.073940997390515],[-110.95373412232149,29.0741398027879],[-110.95370750672329,29.07427822604463],[-110.95370049146973,29.074347417306445],[-110.95370515232055,29.07437594583405],[-110.95371242883948,29.074408449954],[-110.95371051031238,29.074408741480884],[-110.95372258787711,29.074482666854536],[-110.9537096393209,29.074545492598805],[-110.95368336701827,29.074543214896178],[-110.95368003087538,29.07454577821627],[-110.95367747250643,29.074549804754895],[-110.95367957669342,29.074551380496562],[-110.9536817945688,29.074553041374923],[-110.95369089858261,29.074553830656185],[-110.9536908987056,29.074553828858075],[-110.95369090185068,29.074553811497722],[-110.95369090691081,29.074553794488256],[-110.9536909138379,29.074553777991422],[-110.95369092256607,29.074553762164076],[-110.95369093301233,29.074553747156717],[-110.95369094507735,29.07455373311204],[-110.9536909586464,29.074553720163596],[-110.95369097359048,29.0745537084345],[-110.95369098976748,29.074553698036283],[-110.95369100702356,29.074553689067816],[-110.95369102519467,29.07455368161438],[-110.95369104410803,29.07455367574684],[-110.95369106358376,29.074553671520995],[-110.95369108343672,29.07455366897702],[-110.9536911034781,29.074553668139114],[-110.95369112351736,29.074553669015234],[-110.95371875126038,29.07455606422907],[-110.95373384159775,29.074482846670083],[-110.95371167631443,29.074347175540186],[-110.95371167431249,29.074347154827805],[-110.95371167504561,29.07434713405123],[-110.95371853504561,29.074279474051227],[-110.9537185370972,29.07427946005715],[-110.9537449770972,29.07414195005715],[-110.9537449819852,29.074141931003798],[-110.95380902974496,29.073943267952554],[-110.95382545659628,29.07387048190417],[-110.9538399647829,29.07376286535511],[-110.95384777436166,29.073610913551097],[-110.95385331431129,29.073428275211473],[-110.95385331455364,29.073428270030032],[-110.95386712325218,29.073209878768022],[-110.95384203423113,29.07320850784013],[-110.9538420140705,29.073208505860656],[-110.95384199423037,29.07320850215154],[-110.95384197490358,29.07320849674884],[-110.95384195627803,29.07320848970507],[-110.95384193853475,29.073208481088706],[-110.95384192184622,29.0732084709835],[-110.95384190637468,29.073208459487685],[-110.95384189227052,29.07320844671301],[-110.95384187967085,29.073208432783655],[-110.95384186869812,29.073208417835023],[-110.95384185945903,29.073208402012426],[-110.95384185204337,29.073208385469677],[-110.95384184652323,29.073208368367577],[-110.95384184295227,29.073208350872378],[-110.9538418413652,29.073208333154145],[-110.95384184174672,29.073208316710616],[-110.95382767650703,29.073207542685903],[-110.95382801086284,29.073211158673352],[-110.95382891636865,29.073213513812764],[-110.95383247131186,29.07321773832834]]]]}},{"type":"Feature","properties":{"id":"C18","kind":"sidewalk","status":"estimado-visual"},"geometry":{"type":"MultiPolygon","coordinates":[[[[-110.95407264858275,29.07462884844354],[-110.95407262898746,29.074628842419592],[-110.95407261018508,29.07462883469595],[-110.95407259236711,29.074628825351287],[-110.95407257571506,29.074628814480786],[-110.95407256039853,29.074628802195175],[-110.95407254657356,29.074628788619602],[-110.95407253438094,29.074628773892343],[-110.9540725239449,29.074628758163414],[-110.95407251537172,29.074628741593028],[-110.95407250874874,29.074628724349974],[-110.9540725041434,29.074628706609897],[-110.95407250160264,29.07462868855349],[-110.95407250115233,29.07462867036468],[-110.95407250279703,29.074628652228743],[-110.95407403834105,29.074618343889096],[-110.95400361064642,29.074597713114017],[-110.95390195856271,29.074597713114017],[-110.95379462348383,29.074604608350125],[-110.95379460353857,29.074604608781737],[-110.95379458363935,29.074604607519024],[-110.95379456397328,29.07460460457386],[-110.95379454472524,29.07460459997393],[-110.9537945260762,29.074604593762487],[-110.95379450820151,29.074604585997932],[-110.95369100301949,29.074554005826887],[-110.95369098599433,29.07455399652583],[-110.95369098337275,29.07455399476118],[-110.95369098029742,29.074553996092984],[-110.95369096076094,29.07455400249012],[-110.95369094058562,29.07455400712177],[-110.95369091997873,29.07455400994034],[-110.95369089915201,29.074554010916874],[-110.95369087831943,29.074554010041336],[-110.9536820681292,29.074553246233393],[-110.95371117869452,29.074575045974072],[-110.95379205803557,29.07461453340462],[-110.95384534764484,29.074611110064907],[-110.95384860788229,29.074603038203218],[-110.95388986611944,29.074600387762292],[-110.95390828942391,29.074603607116774],[-110.95390719148217,29.074607447228484],[-110.95392256926647,29.074607447228484],[-110.95392349744347,29.074599605858495],[-110.95396668194232,29.074599605858495],[-110.95407161609509,29.074619978090052],[-110.95407121244534,29.074622687852017],[-110.95404052642496,29.074748512552205],[-110.95403460178812,29.07476467687725],[-110.95402614310747,29.074762106653846],[-110.95400441866816,29.074821377949068],[-110.95395915559365,29.074902406082234],[-110.95396491922182,29.074903749604005],[-110.95393690508106,29.07495026428934],[-110.95393298051333,29.074949263656897],[-110.9539200805855,29.07497235658821],[-110.9538355796988,29.075116750485943],[-110.95375126502003,29.07523740492914],[-110.9538043953837,29.075396284165368],[-110.95381253326532,29.075392728809565],[-110.9538177390823,29.07540829610797],[-110.95387467616543,29.07563188841055],[-110.95387592818264,29.075643026767562],[-110.95386875397286,29.075644645094506],[-110.95387161450304,29.0756558784155],[-110.95299786747768,29.075867823678912],[-110.95290967589395,29.07553837195108],[-110.95293827629779,29.075529787912537],[-110.95293962077132,29.075527493879335],[-110.95294054831591,29.075523934342485],[-110.95293981941559,29.07551884469808],[-110.95292638493937,29.07552287688106],[-110.95292638632138,29.075522880688172],[-110.95292639142986,29.075522897544854],[-110.95292639465495,29.075522914755133],[-110.95292639596651,29.075522932157906],[-110.95292639535224,29.075522949590265],[-110.95292639281789,29.07552296688903],[-110.95292638838718,29.07552298389226],[-110.95292638210161,29.075523000440793],[-110.95292637401998,29.07552301637972],[-110.95292636421797,29.075523031559833],[-110.95292635278733,29.075523045839038],[-110.95292633983506,29.07552305908366],[-110.95292632548241,29.075523071169723],[-110.95292630986371,29.075523081984088],[-110.95292629312522,29.07552309142552],[-110.95292627542356,29.07552309940564],[-110.9529262569245,29.075523105849747],[-110.952896562491,29.07553201824704],[-110.95298968971171,29.0758799077221],[-110.95388475884955,29.07566279034294],[-110.9538198323303,29.075407823471743],[-110.95379540933594,29.075334789778395],[-110.95379540455446,29.075334772289164],[-110.95379540178592,29.075334754469583],[-110.9537954010579,29.075334736497005],[-110.95379540237766,29.075334718550323],[-110.95379540573205,29.075334700808156],[-110.95379541108767,29.075334683447103],[-110.95379541839124,29.075334666639954],[-110.95379542757006,29.075334650553994],[-110.95379543853275,29.075334635349336],[-110.95379545117022,29.075334621177312],[-110.95379546535668,29.075334608178974],[-110.95379548095092,29.075334596483703],[-110.95379549779774,29.075334586207898],[-110.95379551572947,29.07533457745384],[-110.9537955345676,29.075334570308662],[-110.9537955490042,29.075334566274382],[-110.95379487873507,29.075332561924323],[-110.95379485958894,29.07533256515899],[-110.95379483954763,29.075332567656464],[-110.95379481932319,29.0753325684166],[-110.95379479911136,29.07533256743205],[-110.95379477910778,29.075332564712337],[-110.95379475950605,29.075332560283787],[-110.95379474049591,29.075332554189263],[-110.95379472226132,29.075332546487754],[-110.95379470497882,29.075332537253804],[-110.95379468881565,29.075332526576783],[-110.95379467392826,29.075332514560035],[-110.95379466046073,29.075332501319863],[-110.95379464854344,29.075332486984426],[-110.95379463829171,29.07533247169247],[-110.95379462980479,29.075332455592],[-110.9537946231648,29.075332438838856],[-110.95376333803198,29.07523888483955],[-110.95376333308259,29.075238866555328],[-110.95376333033282,29.075238847919056],[-110.95376332981252,29.075238829133262],[-110.95376333152736,29.07523881040209],[-110.95376333545869,29.075238791929088],[-110.95376334156381,29.075238773915004],[-110.95376334977637,29.075238756555596],[-110.95376336000712,29.075238740039513],[-110.95384527538846,29.075121518994866],[-110.95393001520256,29.074976716821414],[-110.9540147520566,29.07482502431783],[-110.95406276350758,29.074694033554614],[-110.95407026336046,29.074643685905727],[-110.9540702680209,29.074643664655913],[-110.95407027555416,29.074643644048418],[-110.95407057930433,29.074642957946057],[-110.9540726802356,29.074628854076163],[-110.95407266877132,29.07462885270643],[-110.95407264858275,29.07462884844354]]],[[[-110.95324945762928,29.074207628061803],[-110.9533578082622,29.074246988104125],[-110.95341364322165,29.07431816750732],[-110.95342115696484,29.07431390114541],[-110.95347299716354,29.0743799879563],[-110.95346519301253,29.074383884101135],[-110.9534739572006,29.074395056844565],[-110.9534822373481,29.074391767508544],[-110.95349039146996,29.07440216252867],[-110.95352088054884,29.074442612526624],[-110.9535128113374,29.074446137265465],[-110.95352406550167,29.07446106821577],[-110.95353213373532,29.074457542179704],[-110.95354494565113,29.074474539805976],[-110.9535537374383,29.074496819233833],[-110.95364264378318,29.074541111628996],[-110.95364678760679,29.074539993637785],[-110.95365023717724,29.074537940317917],[-110.95365085970592,29.074537389335187],[-110.95364051242244,29.074528894523116],[-110.95364049815205,29.074528881576242],[-110.95364048542648,29.074528867447242],[-110.95364047437253,29.074528852276956],[-110.95364046510043,29.074528836216615],[-110.95364045770259,29.07452881942631],[-110.95364045642881,29.074528815370446],[-110.95364043772038,29.0745288107475],[-110.9536404191597,29.074528804407425],[-110.95364040138587,29.074528796524586],[-110.95355722287496,29.074487357688263],[-110.95355720653127,29.07448734862999],[-110.95355719123054,29.074487338267435],[-110.95355717710794,29.074487326692143],[-110.95355716428823,29.07448731400637],[-110.95355715288466,29.074487300322186],[-110.95349218335649,29.074401104957232],[-110.95336510257447,29.074239100107363],[-110.95326193832193,29.07420162409789],[-110.95326192046087,29.074201616710504],[-110.95326190349063,29.074201607856843],[-110.95326188756756,29.074201597618487],[-110.9532618728384,29.074201586089778],[-110.95326185943885,29.07420157337695],[-110.95326184749241,29.07420155959714],[-110.95326183710914,29.074201544877326],[-110.95326182838473,29.074201529353143],[-110.95326182139955,29.07420151316764],[-110.95326181621799,29.07420149646996],[-110.95326181288777,29.074201479413965],[-110.9532618114396,29.074201462156818],[-110.95326181188683,29.074201444857533],[-110.95326181422531,29.074201427675515],[-110.9532618184335,29.07420141076909],[-110.95326182447265,29.074201394294043],[-110.95326182726687,29.074201388611563],[-110.95324872638611,29.07419662951411],[-110.95324853079065,29.074197027287777],[-110.95324781347682,29.074199363990715],[-110.9532477198494,29.074202985682316],[-110.95324945762928,29.074207628061803]]]]}},{"type":"Feature","properties":{"id":"C19","kind":"sidewalk","status":"estimado-visual"},"geometry":{"type":"Polygon","coordinates":[[[-110.95421923486923,29.074595126558528],[-110.95381639052376,29.07524697177927],[-110.95394285328094,29.075644635743615],[-110.95471938439223,29.075445717421363],[-110.95465782710895,29.074581736259805],[-110.95421923486923,29.074595126558528]],[[-110.95464741099256,29.074591794289166],[-110.95466563857369,29.074847625701423],[-110.9546687228122,29.074846827266942],[-110.95467693645942,29.0748803260698],[-110.95467944168117,29.074915487861777],[-110.9546705555943,29.074916638057868],[-110.95467350966193,29.074958099581863],[-110.95467955898629,29.074957076638515],[-110.95468449274479,29.07498638156558],[-110.95468827341499,29.075039444788455],[-110.95467936085299,29.075040223395472],[-110.95468070604247,29.075059103669222],[-110.95469043732501,29.07505788793985],[-110.95469589411854,29.075181961627006],[-110.9546895057546,29.075182611158617],[-110.95469035292695,29.07519450156232],[-110.95469566411046,29.0751938518956],[-110.95470206279734,29.07523298430057],[-110.95470412439934,29.075261919711675],[-110.95469522560549,29.075262891560136],[-110.95470098662433,29.075343749770283],[-110.95470978252185,29.075341333730375],[-110.9547168177101,29.075440075419568],[-110.9546454902148,29.075456016494847],[-110.95464501681221,29.07545462474199],[-110.95395053639837,29.075632525730946],[-110.95382829880649,29.075248147859835],[-110.95422597780734,29.07460466071892],[-110.95464741099256,29.074591794289166]]]}},{"type":"Feature","properties":{"id":"C20","kind":"sidewalk","status":"estimado-visual"},"geometry":{"type":"Polygon","coordinates":[[[-110.95477307306535,29.07564228770628],[-110.95473921248049,29.075490878735888],[-110.95402094399255,29.0756759336786],[-110.9539561945827,29.075718717213082],[-110.95395012575918,29.075766010117384],[-110.95395011576645,29.07581335572572],[-110.95399744321004,29.07596440798449],[-110.95433361153114,29.07593997615183],[-110.95441452297248,29.07593410035691],[-110.95443796864392,29.07593239175034],[-110.95452449634473,29.075926103143786],[-110.95455363300559,29.075923990354504],[-110.95469270308361,29.075913880348853],[-110.95471733302394,29.075912100353168],[-110.95483155393009,29.075903787027276],[-110.95482005807813,29.07585232466049],[-110.9548097726394,29.07580639133128],[-110.95477376626405,29.075645387372198],[-110.95476293384468,29.075647589083758],[-110.95478113564486,29.075728976469616],[-110.95478653857765,29.075727627666183],[-110.95479316823287,29.075741993619847],[-110.9548179379522,29.075852688836278],[-110.95482382147024,29.07587902701152],[-110.95481495282912,29.07588015405458],[-110.95481826615514,29.075894986500177],[-110.95400571651783,29.075954039037395],[-110.95396122715441,29.07581204491465],[-110.95396123675518,29.075766556455996],[-110.9539667020485,29.075723966719593],[-110.95402601955828,29.07568477234343],[-110.95473065250692,29.07550323158559],[-110.95474185445266,29.07555332507534],[-110.95474918360934,29.075551857626916],[-110.95477307306535,29.07564228770628]]]}},{"type":"Feature","properties":{"id":"C21","kind":"sidewalk","status":"estimado-visual"},"geometry":{"type":"Polygon","coordinates":[[[-110.95352828862512,29.076057462759675],[-110.95395617605034,29.076040319093696],[-110.95397629846735,29.076136138042624],[-110.95398273545065,29.076135711668122],[-110.95398280451377,29.07613657715618],[-110.9539837445806,29.07613641082485],[-110.95398494107921,29.076142024155413],[-110.95398566591514,29.07614189590611],[-110.95398606827212,29.076143676419267],[-110.95398610518296,29.0761437214632],[-110.95398621135261,29.076144219554333],[-110.95398634754801,29.07614485851017],[-110.95398652560858,29.07614569387498],[-110.95398654946966,29.076145805818353],[-110.95398943826184,29.07615858932386],[-110.95398957020605,29.076158565978226],[-110.95399185081145,29.076169265357],[-110.95399257994647,29.07616983149648],[-110.95399252904366,29.076171254249175],[-110.95399230690978,29.076171405126104],[-110.95400086236646,29.07621154274569],[-110.95400065101673,29.076211580140985],[-110.95400375355116,29.076226518152684],[-110.95400409014378,29.07622833251716],[-110.95400336530786,29.076228460766472],[-110.95400456180647,29.076234074097037],[-110.95399846877599,29.076235152171268],[-110.95399809775763,29.076233411551854],[-110.9539967451637,29.076233501145342],[-110.95401327758418,29.076312187936754],[-110.95401474765082,29.076312102271313],[-110.95401451200917,29.076310826516675],[-110.95401939982358,29.076309688448593],[-110.95401949347348,29.07631017850844],[-110.95401955598889,29.076310163952485],[-110.95402144308294,29.076320380605573],[-110.95402186895203,29.07632028144714],[-110.95402506712318,29.076337596220252],[-110.95402483596266,29.07633765004317],[-110.95402733510224,29.076352279766887],[-110.95402883440816,29.076351930671755],[-110.95403067653689,29.076351501754502],[-110.95403151123074,29.076355368864515],[-110.9540320728926,29.076358534204335],[-110.95403210455294,29.076358581087707],[-110.95403209169231,29.07635864015325],[-110.95403263455448,29.076361699544144],[-110.95403269787516,29.07636179331091],[-110.9540326721539,29.07636191144201],[-110.95403319621636,29.076364864883967],[-110.95403329119738,29.076365005534097],[-110.95403325261549,29.076365182730747],[-110.95403375787824,29.076368030223755],[-110.9540338845196,29.076368217757288],[-110.95403383307708,29.076368454019498],[-110.95403445154894,29.076371939521533],[-110.9540326390979,29.076372361528698],[-110.95403263575706,29.07637236230657],[-110.95403245154561,29.076372405197965],[-110.95403154073963,29.07637261726805],[-110.95403129558957,29.076372674348256],[-110.9540311101143,29.076372717533918],[-110.95403378830456,29.076387217150852],[-110.95403378830454,29.076387217150852],[-110.95403380396245,29.076387301922118],[-110.95403422983155,29.076387202763687],[-110.95403742800269,29.076404517536794],[-110.95403719684218,29.076404571359703],[-110.95403969598178,29.076419201083425],[-110.95404119528769,29.076418851988294],[-110.95404120125426,29.07641885059905],[-110.95404303741641,29.076418423071043],[-110.95404370636733,29.07642204474503],[-110.95404387211025,29.076422290181057],[-110.95404380696495,29.076422589376584],[-110.95404413628631,29.07642437230956],[-110.95404429968954,29.07642525696823],[-110.95404446543246,29.07642550240425],[-110.95404440028716,29.07642580159979],[-110.95404440028716,29.076425801599793],[-110.95404483708134,29.076428166386314],[-110.95404489301175,29.07642846919142],[-110.95404505875469,29.076428714627447],[-110.95404499360937,29.076429013822978],[-110.95404548633398,29.076431681414608],[-110.9540456520769,29.07643192685064],[-110.9540455869316,29.076432226046176],[-110.9540460796562,29.07643489363781],[-110.95404624539911,29.076435139073837],[-110.95404618025381,29.076435438269367],[-110.95404681242846,29.076438860838074],[-110.9540456667742,29.07643912758972],[-110.9540434709938,29.076439638850456],[-110.9540450696674,29.07644829400659],[-110.95404500766469,29.07644830844317],[-110.954045094796,29.076448800020785],[-110.95404398816038,29.07644905768742],[-110.95404413174873,29.076450659384598],[-110.95404376458902,29.076450700223173],[-110.95404377096267,29.0764507713199],[-110.95404241499395,29.07645085033642],[-110.95404401331342,29.07645845659977],[-110.95359014789479,29.076477039945914],[-110.9535884592158,29.076465586025034],[-110.95357950632484,29.07646607490885],[-110.95357416050214,29.076429815424078],[-110.95357178487032,29.076429885146386],[-110.95357360712181,29.076442245058757],[-110.95357362002784,29.076442244315142],[-110.95357364070281,29.076442244036066],[-110.95357366130538,29.076442245576292],[-110.95357368162746,29.076442248920266],[-110.95357370146382,29.076442254034216],[-110.95357372061416,29.0764422608665],[-110.95357373888507,29.07644226934812],[-110.95357375609204,29.076442279393422],[-110.9535737720613,29.07644229090096],[-110.9535737866316,29.07644230375453],[-110.95357379965577,29.076442317824316],[-110.9535738110023,29.076442332968238],[-110.95357382055661,29.076442349033364],[-110.95357382822219,29.076442365857453],[-110.95357383392165,29.076442383270603],[-110.95357383759743,29.07644240109697],[-110.9535804397799,29.076487182180834],[-110.95405724498217,29.076467659574014],[-110.95396535011977,29.076030207255858],[-110.95351572270017,29.07604822112688],[-110.95352075967321,29.07608238575539],[-110.95352076125792,29.076082402941424],[-110.95352076096114,29.07608242018148],[-110.95352075878559,29.07608243731783],[-110.95352075475117,29.076082454193696],[-110.9535207488948,29.076082470654683],[-110.95352074127004,29.076082486550188],[-110.95352073194667,29.07608250173479],[-110.95352072100998,29.076082516069558],[-110.95352070856002,29.076082529423346],[-110.95352069471072,29.076082541673983],[-110.95352067958875,29.07608255270939],[-110.95352066333248,29.076082562428603],[-110.95352064609065,29.0760825707427],[-110.95352062802098,29.076082577575615],[-110.9535206092888,29.076082582864842],[-110.9535205900655,29.07608258656198],[-110.95352058193514,29.07608258742386],[-110.95352239857475,29.076094909272182],[-110.95352431333153,29.076094590141032],[-110.95352923432776,29.07609247925949],[-110.95353292013658,29.076088877235733],[-110.95352828862512,29.076057462759675]]]}},{"type":"Feature","properties":{"id":"C22","kind":"sidewalk","status":"estimado-visual"},"geometry":{"type":"Polygon","coordinates":[[[-110.95262081363384,29.076030975629923],[-110.952999788282,29.076012000031174],[-110.95357109827683,29.075983450031433],[-110.95395173428793,29.075964411734873],[-110.95389818952974,29.075716256790848],[-110.95262081363384,29.076030975629923]],[[-110.9532110077195,29.075895675821982],[-110.95351821912979,29.07581998532343],[-110.95351641596172,29.07581228402378],[-110.95363402633745,29.07578330727462],[-110.95371404974043,29.075771736736126],[-110.95388952413572,29.075728503496677],[-110.95390307030004,29.075791283641088],[-110.95393174614635,29.075881966238164],[-110.9539415073166,29.075927204702975],[-110.95393260789984,29.075928176619467],[-110.95393846583612,29.075955325417898],[-110.95368126414728,29.075968189891793],[-110.9536815028165,29.07597106588842],[-110.95366687640123,29.075972149991138],[-110.953666878731,29.07597217806511],[-110.95366416983127,29.075972350600775],[-110.95366421086099,29.07597284501464],[-110.95366177352653,29.07597300025373],[-110.95366061177445,29.075973940406023],[-110.95365897476309,29.07597372097947],[-110.9536586333571,29.075973200257884],[-110.9536483884234,29.075973852779786],[-110.95364834739367,29.075973358365914],[-110.95364563849394,29.075973530901578],[-110.95364562357402,29.075973351114676],[-110.95362569894337,29.075974620157332],[-110.9536217325837,29.075974872783327],[-110.95362178853334,29.075975546984065],[-110.95360188222412,29.075976814859786],[-110.9536018262745,29.075976140659048],[-110.95357726832025,29.075977704808068],[-110.95357732426987,29.075978379008806],[-110.95355741796067,29.075979646884527],[-110.95355736201104,29.075978972683796],[-110.95354205604171,29.075979947553954],[-110.95354165967036,29.07597517122504],[-110.95338301756709,29.075983099026143],[-110.95324866274046,29.07599258468631],[-110.95324797526328,29.07598984747755],[-110.95323097741499,29.075990696908804],[-110.95323231410497,29.0759970572329],[-110.95320531329341,29.07599983353534],[-110.9529985125042,29.076010168077172],[-110.952995986038,29.076002440412868],[-110.95272198986207,29.076016159645793],[-110.9529797117028,29.075952662347323],[-110.95297724713261,29.075945124003383],[-110.95320938011847,29.075887931266255],[-110.9532110077195,29.075895675821982]]]}},{"type":"Feature","properties":{"id":"C23","kind":"sidewalk","status":"estimado-visual"},"geometry":{"type":"Polygon","coordinates":[[[-110.95349617813599,29.076439709392137],[-110.95350213922231,29.076480126704755],[-110.95288028366217,29.076504463493755],[-110.95286835718974,29.0763522376504],[-110.95286827196603,29.076351782144283],[-110.95286810593261,29.076350894724257],[-110.95286800985038,29.076350381181307],[-110.95286799339465,29.076350293228337],[-110.95286796000755,29.07635011478001],[-110.95286795525557,29.07635008938147],[-110.95286787834323,29.076349678298318],[-110.95286790032813,29.076349619242617],[-110.9528675717559,29.07634773609884],[-110.95286800174517,29.076347700864584],[-110.95286770254808,29.076343882004462],[-110.95286679193464,29.076339014932675],[-110.95286731785016,29.076338971838013],[-110.95286697969225,29.076334655693888],[-110.95286664724695,29.076334673313873],[-110.95286659067656,29.076334045026716],[-110.95286645525351,29.076333832442984],[-110.95286486759498,29.07631619944512],[-110.95286411535089,29.076316239314927],[-110.95286156393212,29.076287902515233],[-110.95286231617617,29.076287862645426],[-110.95286155354542,29.076279392646274],[-110.95286155354542,29.076279392646274],[-110.9528599104945,29.07626114444438],[-110.95285400827133,29.07626145726906],[-110.95285348563253,29.076255967835607],[-110.9528533462573,29.07625570792596],[-110.9528534355837,29.076255442157667],[-110.95285295161219,29.076250358858193],[-110.95285284708075,29.07625016392596],[-110.95285291407556,29.07624996459974],[-110.95285241759183,29.076244749880782],[-110.95285234790421,29.07624461992596],[-110.95285239256742,29.076244487041812],[-110.95285188357147,29.076239140903372],[-110.95285184872766,29.076239075925958],[-110.95285187105927,29.076239009483885],[-110.95285134955112,29.076233531925958],[-110.95285097154213,29.076227730470833],[-110.95285234233758,29.076227657817082],[-110.95285279063587,29.076227634056757],[-110.95285687376528,29.07622741764616],[-110.95285659191111,29.076224287291545],[-110.95285462053783,29.076202392646273],[-110.95285462053786,29.076202392646273],[-110.95285446808363,29.07620069944512],[-110.95285371583954,29.076200739314928],[-110.95285116442075,29.076172402515233],[-110.95285191666484,29.076172362645426],[-110.95284993563668,29.076150360770377],[-110.95284951098311,29.07614564444438],[-110.95284360875998,29.07614595726906],[-110.95284308612118,29.076140467835607],[-110.95284294674593,29.07614020792596],[-110.95284303607235,29.076139942157667],[-110.95284255210082,29.076134858858193],[-110.9528424475694,29.07613466392596],[-110.95284251456421,29.07613446459974],[-110.95284201808047,29.076129249880783],[-110.95284194839284,29.07612911992596],[-110.95284199305605,29.076128987041812],[-110.95284148406012,29.076123640903372],[-110.95284144921631,29.07612357592596],[-110.95284147154791,29.076123509483885],[-110.95284095003977,29.076118031925958],[-110.95284057203077,29.076112230470834],[-110.95284194282623,29.076112157817082],[-110.95284245359139,29.07611213074594],[-110.95284647425395,29.07611191764616],[-110.9528451292506,29.076096979647556],[-110.95284523877059,29.07609697384287],[-110.95284516871702,29.076096126509032],[-110.95284678247138,29.076096040978182],[-110.95284661768243,29.07609388181118],[-110.95284725046223,29.07609379771344],[-110.95284724372145,29.076093709391618],[-110.952848100289,29.076093684769713],[-110.95284770935412,29.076088694996436],[-110.9528562382163,29.076088326879237],[-110.952856207955,29.076087930376918],[-110.9528560286675,29.07608558124094],[-110.95286026675822,29.076085459417666],[-110.9528607985947,29.076085009803407],[-110.95286139658222,29.076085426941038],[-110.95286444141921,29.076085339417666],[-110.95286497325569,29.076084889803408],[-110.95286557124321,29.07608530694104],[-110.9528686160802,29.076085219417667],[-110.95286914791667,29.07608476980341],[-110.9528697459042,29.07608518694104],[-110.95287279074118,29.076085099417668],[-110.95287332257766,29.07608464980341],[-110.95287392056518,29.076085066941037],[-110.95287696540217,29.07608497941767],[-110.95287749723866,29.07608452980341],[-110.95287809522617,29.076084946941037],[-110.9528822702738,29.076084826929925],[-110.95288245104439,29.076087195498207],[-110.95293566836465,29.076084898566858],[-110.95293554601963,29.076083295526654],[-110.95293978411036,29.07608317370338],[-110.95294031594685,29.076082724089122],[-110.95294091393437,29.076083141226754],[-110.95294395877134,29.076083053703382],[-110.95294449060783,29.076082604089123],[-110.95294508859536,29.07608302122675],[-110.95294813343234,29.076082933703383],[-110.95294866526882,29.076082484089124],[-110.95294926325634,29.07608290122675],[-110.95295230809333,29.07608281370338],[-110.95295283992981,29.07608236408912],[-110.95295343791733,29.076082781226752],[-110.9529564827543,29.07608269370338],[-110.9529570145908,29.076082244089122],[-110.95295761257832,29.076082661226753],[-110.95296178762594,29.07608254121564],[-110.95296188118408,29.076083767072447],[-110.95296188119273,29.076083767185832],[-110.95301509851299,29.076081470254483],[-110.95301509850397,29.07608147013623],[-110.95301506337177,29.076081009812366],[-110.95301930146249,29.076080887989097],[-110.95301983329898,29.076080438374838],[-110.9530204312865,29.076080855512465],[-110.95302347612348,29.076080767989097],[-110.95302400795997,29.07608031837484],[-110.95302460594748,29.076080735512466],[-110.95302765078446,29.076080647989087],[-110.95302818262095,29.076080198374836],[-110.95302878060846,29.076080615512467],[-110.95303182544545,29.076080527989095],[-110.95303235728194,29.076080078374837],[-110.95303295526945,29.076080495512468],[-110.95303600010644,29.076080407989096],[-110.95303653194293,29.076079958374837],[-110.95303712993045,29.076080375512465],[-110.95304130497807,29.076080255501353],[-110.95304131134108,29.076080338873453],[-110.95344063590116,29.076063122348792],[-110.95344541696541,29.07609553888472],[-110.95344817924736,29.07609741778701],[-110.95345081624323,29.076098483961047],[-110.95345364377529,29.076099065006975],[-110.9534573510861,29.076099086078653],[-110.95345552889539,29.07608673127486],[-110.95345551740674,29.076086732006598],[-110.95345549664049,29.076086732408335],[-110.95345547593381,29.076086730973834],[-110.95345545549773,29.076086727717726],[-110.95345543554049,29.076086722673182],[-110.95345541626548,29.07608671589161],[-110.95345539786912,29.076086707442123],[-110.95345538053888,29.076086697410823],[-110.95345536445136,29.076086685899938],[-110.95345534977051,29.07608667302677],[-110.95345533664593,29.0760866589225],[-110.95345532521138,29.076086643730864],[-110.95345531558337,29.076086627606674],[-110.95345530786003,29.076086610714245],[-110.95345530212005,29.07608659322572],[-110.95345529842191,29.07608657531932],[-110.95345034028911,29.076052958224523],[-110.95314309011754,29.07606620004333],[-110.9528358486428,29.076079460999935],[-110.95286994152113,29.076514612063523],[-110.95351470725859,29.07648937866736],[-110.95350833856185,29.076446197677573],[-110.95350833697346,29.076446180417964],[-110.95350833728266,29.07644616310447],[-110.95350833948662,29.076446145896842],[-110.95350834356499,29.07644612895386],[-110.95350834948016,29.076446112431867],[-110.95350835717753,29.076446096483306],[-110.95350836658606,29.07644608125534],[-110.95350837761899,29.076446066888483],[-110.95350839017445,29.076446053515298],[-110.95350840413663,29.076446041259185],[-110.95350841937669,29.07644603023323],[-110.953508435754,29.07644602053918],[-110.95350845311745,29.076446012266477],[-110.95350847130683,29.076446005491455],[-110.95350849015428,29.076446000276633],[-110.95350850948591,29.076445996670124],[-110.95350851628704,29.076445995989605],[-110.95350669884624,29.07643367339114],[-110.953501061534,29.076435391861548],[-110.95349787096526,29.076437700189757],[-110.95349617813599,29.076439709392137]]]}},{"type":"Feature","properties":{"id":"C24","kind":"sidewalk","status":"estimado-visual"},"geometry":{"type":"Polygon","coordinates":[[[-110.95290428527187,29.076951447574093],[-110.95293603914291,29.077354043080916],[-110.95303278967859,29.07733711323362],[-110.95313934158315,29.077318449893422],[-110.95330626740225,29.0772892253622],[-110.9533237096826,29.07728617323292],[-110.9533579638602,29.077280174606855],[-110.95345977705672,29.07726234966547],[-110.95351764968903,29.077252223231795],[-110.95361463969373,29.077235243230973],[-110.95371160967089,29.077218273234973],[-110.95380857969732,29.077201283230345],[-110.9539055586843,29.07718431323262],[-110.95400252967106,29.07716733323494],[-110.95419627121213,29.07713340798623],[-110.9541306475908,29.076818772405577],[-110.95406499980345,29.07650410680848],[-110.95287252983216,29.07654882218314],[-110.95290428527187,29.076951447574093]],[[-110.95405580918943,29.07651419446632],[-110.95418337666662,29.07712573924281],[-110.95294625285987,29.077342329450342],[-110.95288440076891,29.07655812007255],[-110.95405580918943,29.07651419446632]]]}},{"type":"Feature","properties":{"id":"C25","kind":"sidewalk","status":"estimado-visual"},"geometry":{"type":"Polygon","coordinates":[[[-110.95316976514405,29.07742489064563],[-110.95317310896108,29.07742273789903],[-110.95317494748751,29.077420787567476],[-110.95317226653358,29.07738945865317],[-110.95420161134298,29.077212951901252],[-110.95432433595809,29.07786496314535],[-110.95322143628952,29.07796400730985],[-110.95321805604155,29.077924477058133],[-110.95321292912553,29.077921313440807],[-110.95321016266628,29.077920587576465],[-110.95320635959347,29.077920408956142],[-110.95320741897477,29.077932797872577],[-110.95320743221667,29.077932797170202],[-110.95320745285386,29.077932797892828],[-110.95320747330439,29.077932800424296],[-110.95320749336221,29.07793280473911],[-110.95320751282523,29.077932810793786],[-110.95320753149736,29.07793281852733],[-110.95320754919045,29.07793282786182],[-110.95320756572626,29.077932838703198],[-110.95320758093816,29.077932850942243],[-110.95320759467289,29.077932864455633],[-110.95320760679206,29.07793287910722],[-110.95320761717359,29.077932894749377],[-110.95320762571284,29.0779329112245],[-110.9532076323238,29.0779329283666],[-110.95320763693985,29.07793294600296],[-110.9532076395145,29.07793296395588],[-110.95321120938851,29.07797471178595],[-110.95350048921244,29.077948732997033],[-110.95358648902216,29.077941020677912],[-110.95371163901923,29.077929770678175],[-110.953836809018,29.077918530678282],[-110.9540871190344,29.077896050676813],[-110.95421226901757,29.07788482067832],[-110.95433722138867,29.07787359023832],[-110.95427155677211,29.077524729454698],[-110.95425287697981,29.077425449325755],[-110.9542107114788,29.07720147257906],[-110.95405192843069,29.077228699870684],[-110.95386069952426,29.077261486904504],[-110.9536855946037,29.07729151689088],[-110.95316044884589,29.07738156615536],[-110.95316320200601,29.07741373885203],[-110.95316320253407,29.0774137562108],[-110.95316320115316,29.07741377353354],[-110.95316319787605,29.0774137906595],[-110.9531631927332,29.077413807429746],[-110.9531631857723,29.077413823688666],[-110.95316317705795,29.077413839285366],[-110.95316316667103,29.07741385407512],[-110.95316315470792,29.077413867920683],[-110.95316314127965,29.077413880693562],[-110.9531631265108,29.07741389227523],[-110.95316311053845,29.077413902558213],[-110.95316309351082,29.077413911447085],[-110.95316307558592,29.077413918859357],[-110.9531630569301,29.077413924726248],[-110.95316303771645,29.07741392899331],[-110.95316301232455,29.077413933504623],[-110.9531640821049,29.077426434673228],[-110.95316976514405,29.07742489064563]]]}},{"type":"Feature","properties":{"id":"C26","kind":"sidewalk","status":"estimado-visual"},"geometry":{"type":"Polygon","coordinates":[[[-110.953126477849,29.07792930589617],[-110.95312420653313,29.07793064371354],[-110.95312144760493,29.07793328402341],[-110.95312451199337,29.077972813023614],[-110.95238371186463,29.078042646998025],[-110.9523396722954,29.077533551730756],[-110.95308046075512,29.07740460243014],[-110.95308278014556,29.077434540574924],[-110.95308784719182,29.077437722297383],[-110.95309059891643,29.077438470207287],[-110.95309444379527,29.07743868062856],[-110.95309348344936,29.07742628471031],[-110.95309346947374,29.077426285320694],[-110.95309344889466,29.077426284411793],[-110.95309342852254,29.07742628170429],[-110.95309340856164,29.077426277225342],[-110.95309338921217,29.077426271019863],[-110.95309337066817,29.077426263150084],[-110.9530933531156,29.077426253694924],[-110.95309333673048,29.0774262427492],[-110.95309332167713,29.077426230422684],[-110.9530933081065,29.077426216838983],[-110.95309329615468,29.077426202134326],[-110.95309328594153,29.077426186456172],[-110.9530932775695,29.077426169961747],[-110.95309327112248,29.07742615281646],[-110.95309326666519,29.07742613519225],[-110.95309326424228,29.077426117265862],[-110.95309069055843,29.077392896761655],[-110.95272394559517,29.07745673657275],[-110.95272153008437,29.07745715680775],[-110.95258207009793,29.07748142680539],[-110.95232784895083,29.077525685667833],[-110.95233925517395,29.077657556389347],[-110.95235066517289,29.077789566376975],[-110.95236165756964,29.077916512691157],[-110.95237349912546,29.078053400869063],[-110.95270617635954,29.078022039252],[-110.95275489800191,29.078017450771767],[-110.9529457179832,29.077999470773527],[-110.95313632130897,29.077981489327705],[-110.95313313683369,29.077940411270262],[-110.9531331364377,29.07794039412761],[-110.95313313790264,29.077940377029545],[-110.95313314121526,29.077940360130764],[-110.95313314634558,29.077940343584157],[-110.9531331532472,29.077940327539434],[-110.95313316185765,29.077940312141752],[-110.95313317209904,29.07794029753043],[-110.95313318387873,29.077940283837655],[-110.95313319709011,29.077940271187323],[-110.95313321161368,29.07794025969388],[-110.95313322731802,29.07794024946131],[-110.95313324406105,29.0779402405822],[-110.95313326169129,29.077940233136882],[-110.95313328004923,29.077940227192713],[-110.95313329896877,29.07794022280348],[-110.95313331827873,29.077940220008887],[-110.9531333281636,29.07794021899859],[-110.95313236502705,29.07792779504343],[-110.953126477849,29.07792930589617]]]}},{"type":"Feature","properties":{"id":"C27","kind":"sidewalk","status":"estimado-visual"},"geometry":{"type":"Polygon","coordinates":[[[-110.95155343612271,29.077598649939365],[-110.95165764944305,29.077580303274985],[-110.95173998944966,29.077565793273816],[-110.95181397942753,29.07755276327772],[-110.95197029945284,29.07752520327326],[-110.95212663942911,29.07749767327744],[-110.95225957298068,29.077474236425587],[-110.95233779337869,29.07746045485555],[-110.95259560943204,29.077415043276925],[-110.95290809032396,29.0773599748411],[-110.95288950489477,29.07715647438381],[-110.95288019489551,29.077054634391853],[-110.95287719144251,29.0770217851328],[-110.95283369054927,29.076545665722982],[-110.9508680432352,29.076601354881028],[-110.95085768532911,29.076741131677466],[-110.95081605660715,29.077302944429384],[-110.95087623625008,29.077717965075983],[-110.95155343612271,29.077598649939365]],[[-110.95283799438715,29.077369351101517],[-110.95271564198323,29.0773839608606],[-110.95088575366644,29.0777063585732],[-110.95082721339342,29.077302643616182],[-110.95087847793685,29.076610798456496],[-110.95282345994816,29.07655569477139],[-110.95289622781756,29.077352136260487],[-110.95283673681715,29.077362620345827],[-110.95283799438715,29.077369351101517]]]}},{"type":"Feature","properties":{"id":"C28","kind":"sidewalk","status":"estimado-visual"},"geometry":{"type":"Polygon","coordinates":[[[-110.95266883351803,29.07609091987194],[-110.95230604352327,29.076111859871638],[-110.9517015922931,29.07614673840206],[-110.95171679880536,29.07654579445084],[-110.95282089118318,29.076516875389455],[-110.95278954770706,29.076083961735176],[-110.95266883351803,29.07609091987194]],[[-110.95280907507463,29.07650744642012],[-110.95172753429524,29.076535774796273],[-110.95171305612085,29.07615583211325],[-110.95277916388783,29.076094315434602],[-110.95280907507463,29.07650744642012]]]}},{"type":"Feature","properties":{"id":"C29","kind":"sidewalk","status":"estimado-visual"},"geometry":{"type":"Polygon","coordinates":[[[-110.95278225855763,29.07558443133447],[-110.9528286293456,29.07558104401225],[-110.95283141053064,29.075588709432168],[-110.95283516804251,29.075588434951097],[-110.95285183768038,29.07564501013814],[-110.95285963046011,29.075666488367112],[-110.95285823459263,29.075666720658106],[-110.95289900943652,29.075805106652865],[-110.95292670750491,29.07587502798072],[-110.95292000740292,29.07587637178087],[-110.95292142442823,29.075881181031775],[-110.9526835505394,29.075954328785283],[-110.95248911775931,29.07599207905229],[-110.95245980188292,29.07599624579519],[-110.95245483624204,29.07599766617302],[-110.95244646405432,29.07599814153598],[-110.9523360464201,29.07601383548581],[-110.95169567300687,29.07606315011229],[-110.95167681803635,29.07588252178245],[-110.95167372400685,29.075880348051967],[-110.95166178813791,29.075874126162837],[-110.95139666329419,29.075852415383967],[-110.95090234224797,29.075815030581026],[-110.9509068246597,29.075727511267644],[-110.95091695330844,29.07565799105789],[-110.95095048449289,29.07563931926864],[-110.95117745456174,29.075656701902492],[-110.95176579888974,29.075647735377046],[-110.95203646722233,29.075622910499796],[-110.95212503838204,29.075613266052255],[-110.95212828069354,29.075608880360704],[-110.95212902387979,29.075606486382558],[-110.9521291775814,29.075602824673446],[-110.95211502624728,29.075604365601663],[-110.95211502682511,29.075604382553248],[-110.95211502643266,29.075604400292384],[-110.95211502405155,29.075604417911794],[-110.95211501970482,29.075604435240788],[-110.95211501343461,29.07560445211148],[-110.95211500530164,29.075604468360442],[-110.9521149953847,29.07560448383025],[-110.95211498377988,29.075604498371042],[-110.9521149705996,29.075604511841945],[-110.95211495597154,29.075604524112464],[-110.95211494003742,29.075604535063714],[-110.9521149229516,29.075604544589613],[-110.95211490487961,29.075604552597873],[-110.95211488599651,29.07560455901091],[-110.95211486648526,29.075604563766596],[-110.95211484653485,29.07560456681886],[-110.95203520537936,29.075613238884902],[-110.95203520142434,29.075613239281566],[-110.95176513142434,29.07563800928157],[-110.95176511357892,29.075638010234112],[-110.95117785357891,29.07564696023411],[-110.95117783208079,29.07564695957651],[-110.95094770153624,29.075629334895794],[-110.95090659187832,29.07565222674651],[-110.95089574517563,29.075726675477593],[-110.9508907644045,29.07582392528329],[-110.95139566769694,29.075862110406575],[-110.95139566914963,29.075862110520987],[-110.95165105257027,29.075883023585543],[-110.95165107064481,29.075883025777536],[-110.95165108842663,29.07588302936374],[-110.95165110577585,29.07588303431595],[-110.95165112255609,29.075883040595222],[-110.95165113863533,29.075883048152175],[-110.95165151080846,29.075883242157314],[-110.95166565,29.0758844],[-110.95166633582181,29.07589097008981],[-110.95166646419223,29.0758910370063],[-110.95166648037237,29.075891046372284],[-110.95166649547413,29.075891057031175],[-110.95166650936338,29.075891068888293],[-110.95166652191672,29.075891081838307],[-110.95166653302266,29.07589109576618],[-110.95166654258252,29.07589111054819],[-110.9516665505114,29.07589112605303],[-110.95166655673886,29.07589114214296],[-110.95166656120956,29.075891158675056],[-110.95166656388382,29.07589117550246],[-110.95168561623649,29.076073694729313],[-110.95173198199728,29.0760701304299],[-110.95233742448036,29.07602350100883],[-110.95241596074605,29.07601233844207],[-110.95241598039004,29.07601233649293],[-110.95241811005963,29.0760122155728],[-110.9524809279482,29.07600328710047],[-110.95248218177176,29.076002928455285],[-110.95248219708272,29.07600292464311],[-110.95248221268425,29.0760029218792],[-110.95249121123199,29.076001642891857],[-110.95268660346436,29.07596370634155],[-110.95293473353506,29.07588740474603],[-110.95284358414624,29.075578052271837],[-110.95279626370518,29.075581508964905],[-110.95279624394131,29.075581509573162],[-110.95279622420206,29.075581508516404],[-110.95279620466978,29.075581505804386],[-110.9527961855249,29.075581501462167],[-110.95279616694428,29.075581495529857],[-110.95279614909954,29.07558148806225],[-110.95279613215553,29.075581479128335],[-110.95279611626876,29.075581468810636],[-110.952796101586,29.07558145720446],[-110.95279608824286,29.075581444417022],[-110.95279607636262,29.075581430566444],[-110.95279606605501,29.075581415780672],[-110.95279605741524,29.075581400196285],[-110.95279605052313,29.075581383957243],[-110.9527960362696,29.075581344691827],[-110.9527815229413,29.07558240487048],[-110.95278225855763,29.07558443133447]]]}},{"type":"Feature","properties":{"id":"C30","kind":"sidewalk","status":"estimado-visual"},"geometry":{"type":"Polygon","coordinates":[[[-110.95550699915883,29.07593892423271],[-110.9555069788673,29.07593892306922],[-110.95550695880596,29.075938920156712],[-110.95550693917073,29.075938915523636],[-110.95550692015341,29.075938909215246],[-110.95550690193973,29.07593890129315],[-110.95550688470757,29.075938891834724],[-110.95550686862525,29.07593888093235],[-110.95550685384984,29.075938868692507],[-110.95550684052566,29.075938855234742],[-110.95550682878283,29.0759388406905],[-110.95550681873605,29.07593882520183],[-110.95550681048346,29.07593880892001],[-110.95550680410562,29.075938792004063],[-110.95550679966487,29.075938774619207],[-110.95550679720456,29.07593875693524],[-110.95550526959775,29.075920163424293],[-110.95548849155625,29.075921277745465],[-110.9554396769503,29.075924520626074],[-110.95404939176152,29.076016874719066],[-110.95426528690618,29.077098509693748],[-110.95560908292235,29.076881143422764],[-110.95554597567458,29.07641562125882],[-110.9555459747696,29.07641561294106],[-110.95551265128346,29.076010010793826],[-110.95551265107268,29.076009987801115],[-110.95551274047207,29.076008585431588],[-110.95550701719948,29.075938923702868],[-110.95550699915883,29.07593892423271]],[[-110.95553491116237,29.07641654100212],[-110.95559682072901,29.07687322825205],[-110.95427429983995,29.0770871531562],[-110.9541983067329,29.07670642758437],[-110.95419475634093,29.076706878774647],[-110.95416744507598,29.076592321170864],[-110.95417524942158,29.076590910422574],[-110.9541641983345,29.07653554446094],[-110.95416266260804,29.076535851139408],[-110.95414859937952,29.07649159044558],[-110.95415514660014,29.076490195259275],[-110.95406244688435,29.076025769554345],[-110.95549498787653,29.07593060833603],[-110.95549635279882,29.075947221706276],[-110.95550221527425,29.075950632080602],[-110.95549977629337,29.075988891318204],[-110.95553491116237,29.07641654100212]]]}},{"type":"Feature","properties":{"id":"C31","kind":"sidewalk","status":"estimado-visual"},"geometry":{"type":"Polygon","coordinates":[[[-110.95569637697352,29.077451404285007],[-110.95569637581988,29.077451397820678],[-110.95561608636704,29.07694096661437],[-110.95428537810608,29.077188719956155],[-110.95441813812263,29.077829752040916],[-110.95573547736561,29.077699981519316],[-110.95573517970271,29.07769808916083],[-110.95573517791537,29.077698071176375],[-110.95573517819028,29.077698053125488],[-110.95573518052467,29.077698035189208],[-110.95573518489512,29.07769801754742],[-110.95573519125782,29.07769800037706],[-110.95573519954894,29.077697983850342],[-110.95573520968533,29.077697968133005],[-110.95573522156535,29.077697953382685],[-110.95573523506981,29.07769793974732],[-110.9557352500633,29.077697927363662],[-110.95573526639545,29.077697916355913],[-110.95573528390244,29.077697906834462],[-110.95573530240871,29.077697898894815],[-110.95573532172864,29.07769789261659],[-110.95573534166846,29.07769788806276],[-110.9557353554793,29.07769788617442],[-110.95569735366334,29.07745629388455],[-110.95569637697352,29.077451404285007]],[[-110.95432856811986,29.07734273710576],[-110.95429652080409,29.077211836093152],[-110.95430128683576,29.077211009354578],[-110.95429823583478,29.07719627758846],[-110.95560671018744,29.076952663790436],[-110.95561577954409,29.077010321209833],[-110.95562459011646,29.07700889314678],[-110.95566891013249,29.07729065268605],[-110.95566009953495,29.07729208058916],[-110.95566327192259,29.077312248688372],[-110.95567210315485,29.077310951968286],[-110.95573196936783,29.077691544713925],[-110.95570067615456,29.07769361431218],[-110.95442721674537,29.07781906225025],[-110.95441550973102,29.077762534901044],[-110.95441204200384,29.077763629231537],[-110.95435522687183,29.077505902583976],[-110.95436206761363,29.077504489498402],[-110.95432856811986,29.07734273710576]]]}},{"type":"Feature","properties":{"id":"C32","kind":"sidewalk","status":"estimado-visual"},"geometry":{"type":"Polygon","coordinates":[[[-110.95629967486634,29.076853365221115],[-110.9564523676723,29.077672899143383],[-110.95585491381566,29.07772354719467],[-110.95577559997699,29.077137636771983],[-110.95575496477211,29.077032110019584],[-110.95573924101973,29.076951700034023],[-110.95584516061483,29.077734153585357],[-110.9564652445395,29.077681587111698],[-110.95630879215598,29.07684187475778],[-110.95573767678866,29.076940144682577],[-110.95573873844111,29.07694798736488],[-110.9558529225315,29.076930236257862],[-110.95629967486634,29.076853365221115]]]}},{"type":"Feature","properties":{"id":"C33","kind":"sidewalk","status":"estimado-visual"},"geometry":{"type":"MultiPolygon","coordinates":[[[[-110.95668064238933,29.077645539342655],[-110.95666484236042,29.077571581087984],[-110.95666242051935,29.077570070537394],[-110.95665852192167,29.07756875690773],[-110.95665270524121,29.077568661395844],[-110.95665531753667,29.077580889273005],[-110.95665532131878,29.07758088871657],[-110.95665534113338,29.077580886660815],[-110.95665536108213,29.07758088629608],[-110.9566553809774,29.077580887625796],[-110.9566554006321,29.07758089063746],[-110.95665541986143,29.077580895302752],[-110.95665543848456,29.0775809015778],[-110.95665545632636,29.0775809094036],[-110.95665547321904,29.077580918706555],[-110.95665548900378,29.07758092939919],[-110.95665550353213,29.077580941380955],[-110.95665551666747,29.077580954539176],[-110.95665552828629,29.07758096875012],[-110.95665553827932,29.077580983880154],[-110.9566555465526,29.077580999787003],[-110.95665555302831,29.077581016321087],[-110.95665555764559,29.077581033326922],[-110.95667159749799,29.077656114169866],[-110.95714090813065,29.077615010023933],[-110.95711992743061,29.077512719594715],[-110.95711992482728,29.077512701922863],[-110.95711992422817,29.077512684112182],[-110.9571199256391,29.077512666336695],[-110.95711992904633,29.077512648770085],[-110.95711993441654,29.07751263158399],[-110.95711994169727,29.077512614946336],[-110.95711995081736,29.077512599019684],[-110.95711996168772,29.077512583959656],[-110.95711997420214,29.077512569913395],[-110.95711998823833,29.07751255701815],[-110.95712000365914,29.07751254539992],[-110.95712002031391,29.077512535172218],[-110.9571200380399,29.07751252643498],[-110.95712005666392,29.077512519273583],[-110.95712007600399,29.07751251375799],[-110.95712009357614,29.077512510382903],[-110.95711758389055,29.077500274527264],[-110.95711369635403,29.07750139817278],[-110.95711128970052,29.077502725718347],[-110.95710741967,29.07750677790865],[-110.95712784718633,29.077606371316282],[-110.95668064238933,29.077645539342655]]],[[[-110.95703517784649,29.07713164353388],[-110.95710317948775,29.077430046530083],[-110.95698679658092,29.076862627070142],[-110.95698508908063,29.07685532118079],[-110.95698508814212,29.07685531690277],[-110.95696185398964,29.076742039870805],[-110.95690186704383,29.076751657316013],[-110.95687386708106,29.076756147310043],[-110.95687203306785,29.07675644196038],[-110.95680919761598,29.076766517136363],[-110.95678151703363,29.07677094731765],[-110.95674117783936,29.07677742357852],[-110.95668965113506,29.076785685484793],[-110.95667303701822,29.076788347320115],[-110.95660095705212,29.076799897314686],[-110.95654661387347,29.076808620397195],[-110.9564923902651,29.076817314731063],[-110.95649794233995,29.076843295534474],[-110.95649794510034,29.0768433132937],[-110.956497945834,29.076843331205293],[-110.9564979445337,29.076843349092176],[-110.95649794121229,29.07684336677752],[-110.9564979359026,29.076843384086484],[-110.95649792865713,29.076843400847956],[-110.95649791954749,29.076843416896228],[-110.95649790866376,29.07684343207265],[-110.95649789611353,29.076843446227183],[-110.95649788202088,29.076843459219898],[-110.95649786652511,29.076843470922345],[-110.95649784977944,29.076843481218837],[-110.95649783194939,29.076843490007583],[-110.95649781321123,29.076843497201697],[-110.95649779375023,29.076843502730053],[-110.95649777667121,29.076843505983245],[-110.95664474350465,29.07753139335388],[-110.95650954008367,29.076850564380106],[-110.95651049873236,29.076849155353138],[-110.95650536462892,29.07682513043717],[-110.95695288942952,29.076753372894252],[-110.95699676518255,29.076967287091517],[-110.95703517784649,29.07713164353388]]]]}}]}
