{"type":"FeatureCollection","sourceUrl":"https://gaia.inegi.org.mx/wscatgeo/v2/geo/mza/26/030/0001","retrievedAt":"2026-10-07","metadatos":{"Fuente_informacion_vectorial":"INEGI. Marco Geoestadístico, diciembre de 2025","Fuente_informacion_estadistica":"INEGI. Censo de Población y Vivienda, 2020"},"features":[{"type":"Feature","properties":{"cvegeo":"2603000013371082","nom_ent":"Sonora","nom_mun":"Hermosillo","nom_loc":"Hermosillo","cve_ageb":"3371","cve_mza":"082","ambito":"Urbana","tipomza":"Típica"},"geometry":{"type":"MultiPolygon","crs":{"type":"name","properties":{"name":"EPSG:6365"}},"coordinates":[[[[-110.95256591,29.07139485],[-110.9526824,29.07146663],[-110.95288615,29.07156694],[-110.95296954,29.07161469],[-110.95306048,29.07167706],[-110.95311666,29.07171654],[-110.95316172,29.07173811],[-110.95321017,29.07175766],[-110.95331818,29.07183195],[-110.95337403,29.07188717],[-110.953281685,29.071941483],[-110.95329318,29.0719538],[-110.953302257,29.071964099],[-110.95339394,29.07190902],[-110.95351415,29.07209954],[-110.95348969,29.07211657],[-110.95348257,29.07214205],[-110.95347262,29.07215142],[-110.95345815,29.07215222],[-110.95343882,29.0721474],[-110.95340068,29.07214508],[-110.9533544,29.07217752],[-110.95334611,29.07220258],[-110.95332955,29.072229],[-110.95327269,29.072271],[-110.95312443,29.07210252],[-110.95296882,29.07196714],[-110.95291445,29.07192217],[-110.95280354,29.07182012],[-110.95269074,29.07176648],[-110.95258895,29.07171463],[-110.95249006,29.071665],[-110.95238354,29.07162298],[-110.95229126,29.07158975],[-110.95221137,29.07157738],[-110.95214486,29.07156188],[-110.95208325,29.07156454],[-110.95202088,29.07154235],[-110.95189992,29.07148915],[-110.95176049,29.07144415],[-110.95159308,29.07138872],[-110.95153557,29.07130809],[-110.95149503,29.07119782],[-110.95145432,29.07108517],[-110.95145075,29.0709968],[-110.9514896,29.07093003],[-110.95149825,29.07089845],[-110.95168734,29.07091686],[-110.95184106,29.07095745],[-110.9519196,29.07099977],[-110.95195878,29.07105268],[-110.95203037,29.07110142],[-110.952119429,29.07112763],[-110.95219322,29.07116906],[-110.952283,29.07124031],[-110.95234426,29.07126652],[-110.95246868,29.07133902],[-110.95256591,29.07139485]]]]}},{"type":"Feature","properties":{"cvegeo":"2603000013371124","nom_ent":"Sonora","nom_mun":"Hermosillo","nom_loc":"Hermosillo","cve_ageb":"3371","cve_mza":"124","ambito":"Urbana","tipomza":"Típica"},"geometry":{"type":"MultiPolygon","crs":{"type":"name","properties":{"name":"EPSG:6365"}},"coordinates":[[[[-110.94996391,29.07029163],[-110.95002175,29.07030043],[-110.95003752,29.07033068],[-110.95002837,29.07035512],[-110.94999935,29.07036868],[-110.9499144,29.07039322],[-110.94960106,29.07046751],[-110.94956525,29.07036115],[-110.94989505,29.07030774],[-110.94996391,29.07029163]]]]}},{"type":"Feature","properties":{"cvegeo":"2603000013371025","nom_ent":"Sonora","nom_mun":"Hermosillo","nom_loc":"Hermosillo","cve_ageb":"3371","cve_mza":"025","ambito":"Urbana","tipomza":"Típica"},"geometry":{"type":"MultiPolygon","crs":{"type":"name","properties":{"name":"EPSG:6365"}},"coordinates":[[[[-110.95378089,29.07183055],[-110.95370705,29.07177529],[-110.95379755,29.07166514],[-110.95388058,29.07170626],[-110.95388931,29.07171394],[-110.95402971,29.07183766],[-110.95419035,29.07198451],[-110.95420438,29.07199732],[-110.95424108,29.07206706],[-110.95427589,29.07213323],[-110.95430978,29.07224563],[-110.95436491,29.07242852],[-110.95408354,29.07249065],[-110.95388145,29.07195743],[-110.95378089,29.07183055]]]]}},{"type":"Feature","properties":{"cvegeo":"2603000013371031","nom_ent":"Sonora","nom_mun":"Hermosillo","nom_loc":"Hermosillo","cve_ageb":"3371","cve_mza":"031","ambito":"Urbana","tipomza":"Típica"},"geometry":{"type":"MultiPolygon","crs":{"type":"name","properties":{"name":"EPSG:6365"}},"coordinates":[[[[-110.95250468,29.07089672],[-110.952430859,29.07085677],[-110.95244275,29.07078611],[-110.95253831,29.07051594],[-110.95262662,29.07039894],[-110.9528812,29.07057891],[-110.95264655,29.07096575],[-110.95268414,29.07101009],[-110.95266606,29.07104638],[-110.95247571,29.07095755],[-110.95250468,29.07089672]]]]}},{"type":"Feature","properties":{"cvegeo":"2603000013047003","nom_ent":"Sonora","nom_mun":"Hermosillo","nom_loc":"Hermosillo","cve_ageb":"3047","cve_mza":"003","ambito":"Urbana","tipomza":"Típica"},"geometry":{"type":"MultiPolygon","crs":{"type":"name","properties":{"name":"EPSG:6365"}},"coordinates":[[[[-110.95917829,29.0718794],[-110.95972443,29.07182872],[-110.95999751,29.0718034],[-110.95994837,29.07232208],[-110.9599238,29.07258142],[-110.95982674,29.07258945],[-110.95972966,29.07259748],[-110.95924437,29.07263763],[-110.95923611,29.07254285],[-110.95917829,29.0718794]]]]}},{"type":"Feature","properties":{"cvegeo":"2603000013047012","nom_ent":"Sonora","nom_mun":"Hermosillo","nom_loc":"Hermosillo","cve_ageb":"3047","cve_mza":"012","ambito":"Urbana","tipomza":"Típica"},"geometry":{"type":"MultiPolygon","crs":{"type":"name","properties":{"name":"EPSG:6365"}},"coordinates":[[[[-110.95824683,29.07196262],[-110.95909095,29.07188615],[-110.95917122,29.07264437],[-110.95905146,29.07265434],[-110.95893169,29.07266429],[-110.95845268,29.07270411],[-110.95833292,29.07271406],[-110.95832938,29.07268309],[-110.95824683,29.07196262]]]]}},{"type":"Feature","properties":{"cvegeo":"2603000013047004","nom_ent":"Sonora","nom_mun":"Hermosillo","nom_loc":"Hermosillo","cve_ageb":"3047","cve_mza":"004","ambito":"Urbana","tipomza":"Típica"},"geometry":{"type":"MultiPolygon","crs":{"type":"name","properties":{"name":"EPSG:6365"}},"coordinates":[[[[-110.96011418,29.07256343],[-110.95996838,29.07257691],[-110.96003697,29.07212045],[-110.96011418,29.07256343]]]]}},{"type":"Feature","properties":{"cvegeo":"2603000013371122","nom_ent":"Sonora","nom_mun":"Hermosillo","nom_loc":"Hermosillo","cve_ageb":"3371","cve_mza":"122","ambito":"Urbana","tipomza":"Típica"},"geometry":{"type":"MultiPolygon","crs":{"type":"name","properties":{"name":"EPSG:6365"}},"coordinates":[[[[-110.95084714,29.07542683],[-110.9508618,29.0754802],[-110.95086089,29.07556237],[-110.95078332,29.07555829],[-110.95077574,29.07562298],[-110.95081391,29.07564423],[-110.95083218,29.0756544],[-110.95081869,29.07582285],[-110.95024917,29.07576197],[-110.9502344,29.07531989],[-110.95024214,29.07516988],[-110.95080997,29.07529505],[-110.95082794,29.07530672],[-110.95083809,29.07541994],[-110.95084714,29.07542683]]]]}},{"type":"Feature","properties":{"cvegeo":"2603000013371125","nom_ent":"Sonora","nom_mun":"Hermosillo","nom_loc":"Hermosillo","cve_ageb":"3371","cve_mza":"125","ambito":"Urbana","tipomza":"Típica"},"geometry":{"type":"MultiPolygon","crs":{"type":"name","properties":{"name":"EPSG:6365"}},"coordinates":[[[[-110.95089709,29.07077877],[-110.95088494,29.07082085],[-110.95075002,29.07083491],[-110.95066905,29.07086752],[-110.95060905,29.0708754],[-110.95021882,29.07086565],[-110.95017417,29.07076937],[-110.95039874,29.07071872],[-110.95089852,29.07074957],[-110.95089709,29.07077877]]]]}},{"type":"Feature","properties":{"cvegeo":"2603000013047001","nom_ent":"Sonora","nom_mun":"Hermosillo","nom_loc":"Hermosillo","cve_ageb":"3047","cve_mza":"001","ambito":"Urbana","tipomza":"Típica"},"geometry":{"type":"MultiPolygon","crs":{"type":"name","properties":{"name":"EPSG:6365"}},"coordinates":[[[[-110.96012278,29.07263337],[-110.96019722,29.07322914],[-110.96022203,29.07342772],[-110.95987271,29.0734592],[-110.95996066,29.07264686],[-110.96012278,29.07263337]]]]}},{"type":"Feature","properties":{"cvegeo":"2603000013047039","nom_ent":"Sonora","nom_mun":"Hermosillo","nom_loc":"Hermosillo","cve_ageb":"3047","cve_mza":"039","ambito":"Urbana","tipomza":"Típica"},"geometry":{"type":"MultiPolygon","crs":{"type":"name","properties":{"name":"EPSG:6365"}},"coordinates":[[[[-110.95697882,29.07191812],[-110.95694234,29.07147126],[-110.95688938,29.07144266],[-110.95686097,29.07121743],[-110.957148401,29.07119049],[-110.95743582,29.07116354],[-110.95752705,29.07193982],[-110.95708238,29.07197866],[-110.95698906,29.0719868],[-110.95693398,29.0719896],[-110.956934,29.07193955],[-110.95697882,29.07191812]]]]}},{"type":"Feature","properties":{"cvegeo":"2603000013352010","nom_ent":"Sonora","nom_mun":"Hermosillo","nom_loc":"Hermosillo","cve_ageb":"3352","cve_mza":"010","ambito":"Urbana","tipomza":"Económica"},"geometry":{"type":"MultiPolygon","crs":{"type":"name","properties":{"name":"EPSG:6365"}},"coordinates":[[[[-110.95307458,29.07856845],[-110.95300185,29.07857342],[-110.95292911,29.0785784],[-110.95285635,29.07858338],[-110.95278362,29.07858835],[-110.95271088,29.07859334],[-110.95263812,29.07859829],[-110.9525654,29.07860329],[-110.95249266,29.07860826],[-110.95241991,29.07861323],[-110.95241845,29.07859302],[-110.95241695,29.0785728],[-110.95241549,29.07855258],[-110.952414,29.07853235],[-110.95241252,29.07851215],[-110.95241103,29.07849192],[-110.95240955,29.07847171],[-110.95240809,29.07845148],[-110.9524066,29.07843126],[-110.95240512,29.07841105],[-110.95240365,29.07839082],[-110.95240217,29.07837062],[-110.95240068,29.07835038],[-110.9523992,29.07833017],[-110.95239772,29.07830995],[-110.95239626,29.07828972],[-110.95239478,29.07826951],[-110.95239329,29.07824928],[-110.95239182,29.07822908],[-110.95239034,29.07820886],[-110.95238885,29.07818863],[-110.95238738,29.07816842],[-110.95238589,29.07814818],[-110.95238443,29.07812797],[-110.95238294,29.07810775],[-110.95247454,29.07809909],[-110.95252032,29.07809477],[-110.952566139,29.07809045],[-110.95265772,29.07808178],[-110.95270352,29.07807745],[-110.95274931,29.07807311],[-110.95279511,29.0780688],[-110.95284091,29.07806446],[-110.95288669,29.07806014],[-110.95293249,29.0780558],[-110.95297828,29.07805146],[-110.95302409,29.07804714],[-110.95306989,29.07804282],[-110.95311568,29.07803849],[-110.95311763,29.07803829],[-110.95316146,29.07803406],[-110.95320725,29.07802962],[-110.95325303,29.0780252],[-110.95329882,29.07802077],[-110.9533446,29.07801634],[-110.95339037,29.07801191],[-110.95343615,29.07800749],[-110.95346203,29.07800497],[-110.95348194,29.07800305],[-110.95357351,29.07799418],[-110.95361929,29.07798975],[-110.95366508,29.07798534],[-110.95371086,29.07798089],[-110.95375663,29.07797648],[-110.95380243,29.07797205],[-110.953848219,29.07796762],[-110.95393978,29.07795875],[-110.95398555,29.07795432],[-110.95403134,29.07794989],[-110.95407712,29.07794546],[-110.95412291,29.07794103],[-110.95416869,29.0779366],[-110.95421448,29.07793218],[-110.95426026,29.07792775],[-110.95435182,29.07791889],[-110.95436488,29.07798772],[-110.95437794,29.07805655],[-110.954391,29.07812537],[-110.95440405,29.07819422],[-110.95441709,29.07826305],[-110.95443015,29.07833186],[-110.95444322,29.07840069],[-110.95445628,29.07846952],[-110.95438357,29.07847474],[-110.95423812,29.07848518],[-110.9541654,29.07849042],[-110.95409269,29.07849563],[-110.95401997,29.07850086],[-110.95394725,29.07850609],[-110.953874521,29.07851131],[-110.9538018,29.07851654],[-110.95372909,29.07852175],[-110.95365637,29.07852698],[-110.95358365,29.0785322],[-110.95351092,29.07853743],[-110.95343822,29.07854265],[-110.95336549,29.07854786],[-110.95332823,29.07855054],[-110.95329278,29.07855309],[-110.95322006,29.07855831],[-110.9531652,29.07856226],[-110.95314732,29.07856348],[-110.95307458,29.07856845]]]]}},{"type":"Feature","properties":{"cvegeo":"2603000013032022","nom_ent":"Sonora","nom_mun":"Hermosillo","nom_loc":"Hermosillo","cve_ageb":"3032","cve_mza":"022","ambito":"Urbana","tipomza":"Típica"},"geometry":{"type":"MultiPolygon","crs":{"type":"name","properties":{"name":"EPSG:6365"}},"coordinates":[[[[-110.95864429,29.07633629],[-110.95807465,29.07626017],[-110.95774434,29.07628543],[-110.95747495,29.07630605],[-110.95747383,29.07629562],[-110.95746769,29.07623846],[-110.95746045,29.07617086],[-110.95745318,29.07610328],[-110.95744592,29.07603569],[-110.95762831,29.07601694],[-110.95781069,29.0759982],[-110.95799305,29.07597943],[-110.95807883,29.07597232],[-110.95861915,29.075916],[-110.95864429,29.07633629]]]]}},{"type":"Feature","properties":{"cvegeo":"2603000013371118","nom_ent":"Sonora","nom_mun":"Hermosillo","nom_loc":"Hermosillo","cve_ageb":"3371","cve_mza":"118","ambito":"Urbana","tipomza":"Típica"},"geometry":{"type":"MultiPolygon","crs":{"type":"name","properties":{"name":"EPSG:6365"}},"coordinates":[[[[-110.95370446,29.0723466],[-110.95373748,29.07240702],[-110.95378365,29.07255175],[-110.95358052,29.07260869],[-110.95342663,29.07245175],[-110.95331494,29.07231917],[-110.95328402,29.07228115],[-110.95334203,29.07223242],[-110.95335788,29.07220722],[-110.95336372,29.07218311],[-110.95340145,29.0721556],[-110.95343122,29.07215783],[-110.95345811,29.07216411],[-110.95347786,29.0721612],[-110.95349126,29.07214786],[-110.9534968,29.07212472],[-110.95351555,29.07211108],[-110.95367828,29.07233151],[-110.95370446,29.0723466]]]]}},{"type":"Feature","properties":{"cvegeo":"2603000013371069","nom_ent":"Sonora","nom_mun":"Hermosillo","nom_loc":"Hermosillo","cve_ageb":"3371","cve_mza":"069","ambito":"Urbana","tipomza":"Típica"},"geometry":{"type":"MultiPolygon","crs":{"type":"name","properties":{"name":"EPSG:6365"}},"coordinates":[[[[-110.95364594,29.07485792],[-110.95360128,29.074695],[-110.95316731,29.07434862],[-110.95301849,29.07420571],[-110.95312755,29.07415398],[-110.9533582,29.07423891],[-110.95345122,29.07432694],[-110.95351971,29.07442486],[-110.95360845,29.07455351],[-110.95377717,29.07462294],[-110.9539366,29.07460529],[-110.95407029,29.07461855],[-110.95402115,29.07478008],[-110.95396158,29.07488162],[-110.95378512,29.07515289],[-110.95374083,29.07525463],[-110.95380378,29.07543528],[-110.95388343,29.0756638],[-110.95313066,29.07583869],[-110.95299748,29.07586965],[-110.95289702,29.07552622],[-110.95359037,29.075323],[-110.95355843,29.07523368],[-110.95361169,29.07503142],[-110.95364594,29.07485792]]]]}},{"type":"Feature","properties":{"cvegeo":"2603000013352033","nom_ent":"Sonora","nom_mun":"Hermosillo","nom_loc":"Hermosillo","cve_ageb":"3352","cve_mza":"033","ambito":"Urbana","tipomza":"Económica"},"geometry":{"type":"MultiPolygon","crs":{"type":"name","properties":{"name":"EPSG:6365"}},"coordinates":[[[[-110.95102094,29.07860331],[-110.951015951,29.07855166],[-110.95101095,29.0785],[-110.95100595,29.07844834],[-110.95100095,29.07839669],[-110.95099597,29.07834505],[-110.95098597,29.07824174],[-110.95110489,29.07823031],[-110.95116437,29.07822458],[-110.95122385,29.07821885],[-110.95128332,29.07821314],[-110.95134278,29.07820742],[-110.95137443,29.07820437],[-110.95140228,29.07820168],[-110.95146174,29.07819597],[-110.95152122,29.07819025],[-110.95158068,29.07818452],[-110.95164017,29.0781788],[-110.95170451,29.0781726],[-110.95175911,29.07816735],[-110.95181858,29.07816162],[-110.95187805,29.07815591],[-110.95193752,29.07815018],[-110.951997,29.07814445],[-110.95205648,29.07813874],[-110.95211594,29.07813302],[-110.9521754,29.07812729],[-110.95223489,29.07812157],[-110.95227191,29.078118],[-110.952294371,29.07811585],[-110.95230446,29.07821514],[-110.95231457,29.07831443],[-110.95232469,29.07841372],[-110.9523348,29.07851302],[-110.95234489,29.07861231],[-110.95214275,29.07862682],[-110.95204168,29.07863406],[-110.95199235,29.0786376],[-110.9519406,29.07864132],[-110.95183952,29.07864857],[-110.95173845,29.07865583],[-110.95153631,29.07867034],[-110.95143523,29.0786776],[-110.95123309,29.07869209],[-110.95113202,29.07869935],[-110.95103095,29.07870662],[-110.95102594,29.07865495],[-110.95102094,29.07860331]]]]}},{"type":"Feature","properties":{"cvegeo":"2603000013367027","nom_ent":"Sonora","nom_mun":"Hermosillo","nom_loc":"Hermosillo","cve_ageb":"3367","cve_mza":"027","ambito":"Urbana","tipomza":"Típica"},"geometry":{"type":"MultiPolygon","crs":{"type":"name","properties":{"name":"EPSG:6365"}},"coordinates":[[[[-110.94973435,29.07858088],[-110.94972546,29.07850906],[-110.94971654,29.07843722],[-110.94970765,29.07836537],[-110.94994094,29.07834291],[-110.95017426,29.07832042],[-110.95064086,29.07827546],[-110.95081618,29.07825857],[-110.95087415,29.07825298],[-110.95090452,29.07852795],[-110.950925,29.07871334],[-110.95082802,29.07872026],[-110.95063403,29.07873409],[-110.95053702,29.07874103],[-110.95034305,29.07875488],[-110.94995506,29.07878255],[-110.94976108,29.0787964],[-110.94974325,29.07865272],[-110.94973435,29.07858088]]]]}},{"type":"Feature","properties":{"cvegeo":"2603000013352028","nom_ent":"Sonora","nom_mun":"Hermosillo","nom_loc":"Hermosillo","cve_ageb":"3352","cve_mza":"028","ambito":"Urbana","tipomza":"Típica"},"geometry":{"type":"MultiPolygon","crs":{"type":"name","properties":{"name":"EPSG:6365"}},"coordinates":[[[[-110.95526217,29.078583],[-110.9552542,29.07847657],[-110.95552598,29.07845537],[-110.95561657,29.07844831],[-110.95579775,29.07843418],[-110.95588835,29.07842712],[-110.95590592,29.0785362],[-110.95591469,29.07859074],[-110.95592348,29.07864528],[-110.955967351,29.07891795],[-110.95599369,29.07908157],[-110.955475,29.07910678],[-110.95530211,29.07911518],[-110.95527017,29.07868943],[-110.95526217,29.078583]]]]}},{"type":"Feature","properties":{"cvegeo":"2603000013032041","nom_ent":"Sonora","nom_mun":"Hermosillo","nom_loc":"Hermosillo","cve_ageb":"3032","cve_mza":"041","ambito":"Urbana","tipomza":"Típica"},"geometry":{"type":"MultiPolygon","crs":{"type":"name","properties":{"name":"EPSG:6365"}},"coordinates":[[[[-110.95855643,29.07520788],[-110.95860222,29.07560505],[-110.95832192,29.07562414],[-110.95804163,29.07564323],[-110.95799689,29.07526412],[-110.95855643,29.07520788]]]]}},{"type":"Feature","properties":{"cvegeo":"2603000013032040","nom_ent":"Sonora","nom_mun":"Hermosillo","nom_loc":"Hermosillo","cve_ageb":"3032","cve_mza":"040","ambito":"Urbana","tipomza":"Típica"},"geometry":{"type":"MultiPolygon","crs":{"type":"name","properties":{"name":"EPSG:6365"}},"coordinates":[[[[-110.95751012,29.07525718],[-110.95790891,29.07523023],[-110.95796011,29.07564772],[-110.95781114,29.07565783],[-110.95766215,29.07566794],[-110.95751315,29.07567805],[-110.95736418,29.07568815],[-110.95731072,29.07527068],[-110.95751012,29.07525718]]]]}},{"type":"Feature","properties":{"cvegeo":"2603000013047023","nom_ent":"Sonora","nom_mun":"Hermosillo","nom_loc":"Hermosillo","cve_ageb":"3047","cve_mza":"023","ambito":"Urbana","tipomza":"Típica"},"geometry":{"type":"MultiPolygon","crs":{"type":"name","properties":{"name":"EPSG:6365"}},"coordinates":[[[[-110.95787702,29.07432115],[-110.95786445,29.07421002],[-110.95805089,29.07418975],[-110.958237341,29.07416952],[-110.95842378,29.07414926],[-110.95846892,29.07453717],[-110.95847498,29.07458931],[-110.95833491,29.07460562],[-110.95819483,29.07462194],[-110.95791471,29.07465457],[-110.95788958,29.07443229],[-110.95787702,29.07432115]]]]}},{"type":"Feature","properties":{"cvegeo":"2603000013047049","nom_ent":"Sonora","nom_mun":"Hermosillo","nom_loc":"Hermosillo","cve_ageb":"3047","cve_mza":"049","ambito":"Urbana","tipomza":"Típica"},"geometry":{"type":"MultiPolygon","crs":{"type":"name","properties":{"name":"EPSG:6365"}},"coordinates":[[[[-110.9556248,29.0703912],[-110.95568071,29.07033932],[-110.9557738,29.07029423],[-110.95598852,29.07028988],[-110.95618412,29.07028532],[-110.956273599,29.07028385],[-110.95631832,29.07028312],[-110.95636308,29.07028238],[-110.9564078,29.07028165],[-110.95645254,29.07028091],[-110.95663148,29.07027795],[-110.9566762,29.07027722],[-110.95672094,29.07027648],[-110.95677965,29.07114075],[-110.9557024,29.07123518],[-110.95561029,29.07042731],[-110.9556248,29.0703912]]]]}},{"type":"Feature","properties":{"cvegeo":"2603000013032034","nom_ent":"Sonora","nom_mun":"Hermosillo","nom_loc":"Hermosillo","cve_ageb":"3032","cve_mza":"034","ambito":"Urbana","tipomza":"Típica"},"geometry":{"type":"MultiPolygon","crs":{"type":"name","properties":{"name":"EPSG:6365"}},"coordinates":[[[[-110.95952977,29.07558051],[-110.95955538,29.07577458],[-110.95872391,29.07584789],[-110.95870914,29.07564812],[-110.95952977,29.07558051]]]]}},{"type":"Feature","properties":{"cvegeo":"2603000013032033","nom_ent":"Sonora","nom_mun":"Hermosillo","nom_loc":"Hermosillo","cve_ageb":"3032","cve_mza":"033","ambito":"Urbana","tipomza":"Típica"},"geometry":{"type":"MultiPolygon","crs":{"type":"name","properties":{"name":"EPSG:6365"}},"coordinates":[[[[-110.95860671,29.07566597],[-110.95863037,29.07586005],[-110.95806854,29.07590502],[-110.95804931,29.07571995],[-110.95860671,29.07566597]]]]}},{"type":"Feature","properties":{"cvegeo":"2603000013032024","nom_ent":"Sonora","nom_mun":"Hermosillo","nom_loc":"Hermosillo","cve_ageb":"3032","cve_mza":"024","ambito":"Urbana","tipomza":"Típica"},"geometry":{"type":"MultiPolygon","crs":{"type":"name","properties":{"name":"EPSG:6365"}},"coordinates":[[[[-110.958921711,29.07588778],[-110.95956246,29.07582874],[-110.95960477,29.07614918],[-110.95874171,29.07620082],[-110.95870812,29.07590745],[-110.958921711,29.07588778]]]]}},{"type":"Feature","properties":{"cvegeo":"2603000013371032","nom_ent":"Sonora","nom_mun":"Hermosillo","nom_loc":"Hermosillo","cve_ageb":"3371","cve_mza":"032","ambito":"Urbana","tipomza":"Típica"},"geometry":{"type":"MultiPolygon","crs":{"type":"name","properties":{"name":"EPSG:6365"}},"coordinates":[[[[-110.95282145,29.06968655],[-110.95300686,29.06970351],[-110.95316711,29.06972758],[-110.95346468,29.06975477],[-110.95398722,29.06979934],[-110.95417469,29.06982169],[-110.95430638,29.06985025],[-110.95440532,29.06991752],[-110.95445477,29.06998337],[-110.95448025,29.07008705],[-110.95448875,29.07022628],[-110.95438572,29.07021529],[-110.95430888,29.07020708],[-110.95417262,29.07018789],[-110.95397294,29.07019322],[-110.95381831,29.07019734],[-110.95342583,29.07023069],[-110.953273181,29.07025935],[-110.95318595,29.0702976],[-110.95312051,29.07034543],[-110.95308778,29.07040763],[-110.95301495,29.07052283],[-110.95273885,29.07031918],[-110.95252525,29.07020646],[-110.95265362,29.06998115],[-110.95282145,29.06968655]]]]}},{"type":"Feature","properties":{"cvegeo":"2603000013371022","nom_ent":"Sonora","nom_mun":"Hermosillo","nom_loc":"Hermosillo","cve_ageb":"3371","cve_mza":"022","ambito":"Urbana","tipomza":"Típica"},"geometry":{"type":"MultiPolygon","crs":{"type":"name","properties":{"name":"EPSG:6365"}},"coordinates":[[[[-110.95089363,29.07534942],[-110.95090186,29.07535477],[-110.95119329,29.07537468],[-110.95134565,29.07535462],[-110.9514516,29.07531275],[-110.95164971,29.07529762],[-110.95177086,29.07534512],[-110.95189398,29.07534375],[-110.95217566,29.07534846],[-110.9523572,29.07532998],[-110.95240552,29.07527708],[-110.95249842,29.07527226],[-110.95251477,29.07531495],[-110.95261663,29.07533382],[-110.95265235,29.07548489],[-110.9525318,29.0755114],[-110.95223142,29.07553843],[-110.95188685,29.07557245],[-110.95152446,29.07558783],[-110.95139597,29.07559132],[-110.95122223,29.07558777],[-110.95123,29.07546832],[-110.9511932,29.07546558],[-110.95113709,29.07545795],[-110.95112249,29.07557657],[-110.95091085,29.07557868],[-110.950927341,29.07549235],[-110.95089157,29.07542618],[-110.9508996,29.07541612],[-110.95089363,29.07534942]]]]}},{"type":"Feature","properties":{"cvegeo":"2603000013367028","nom_ent":"Sonora","nom_mun":"Hermosillo","nom_loc":"Hermosillo","cve_ageb":"3367","cve_mza":"028","ambito":"Urbana","tipomza":"Típica"},"geometry":{"type":"MultiPolygon","crs":{"type":"name","properties":{"name":"EPSG:6365"}},"coordinates":[[[[-110.94981872,29.07903562],[-110.94979535,29.07886411],[-110.95008377,29.07884391],[-110.95014898,29.07883932],[-110.95022798,29.0788338],[-110.95037217,29.07882371],[-110.95066058,29.07880351],[-110.95094902,29.07878329],[-110.95096529,29.07893805],[-110.95097343,29.0790154],[-110.95098971,29.07917014],[-110.95099785,29.07924752],[-110.95100345,29.07930075],[-110.95100598,29.07932489],[-110.95092754,29.07932858],[-110.949865479,29.07937863],[-110.94984209,29.07920711],[-110.94981872,29.07903562]]]]}},{"type":"Feature","properties":{"cvegeo":"2603000013352037","nom_ent":"Sonora","nom_mun":"Hermosillo","nom_loc":"Hermosillo","cve_ageb":"3352","cve_mza":"037","ambito":"Urbana","tipomza":"Típica"},"geometry":{"type":"MultiPolygon","crs":{"type":"name","properties":{"name":"EPSG:6365"}},"coordinates":[[[[-110.95395198,29.07596458],[-110.95357111,29.07598363],[-110.9529998,29.07601218],[-110.95261894,29.07603125],[-110.95389835,29.07571603],[-110.95395198,29.07596458]]]]}},{"type":"Feature","properties":{"cvegeo":"2603000013371029","nom_ent":"Sonora","nom_mun":"Hermosillo","nom_loc":"Hermosillo","cve_ageb":"3371","cve_mza":"029","ambito":"Urbana","tipomza":"Típica"},"geometry":{"type":"MultiPolygon","crs":{"type":"name","properties":{"name":"EPSG:6365"}},"coordinates":[[[[-110.95139565,29.07586229],[-110.95089055,29.07582409],[-110.95089554,29.07572666],[-110.9509064,29.07565212],[-110.95094765,29.07562915],[-110.95117785,29.07564678],[-110.95176511,29.07563783],[-110.95203518,29.07561306],[-110.95246075,29.07556672],[-110.95245952,29.07554955],[-110.95263526,29.07552638],[-110.95264817,29.07556505],[-110.95268897,29.07555611],[-110.95271191,29.07558749],[-110.95284374,29.07557786],[-110.95293498,29.07588752],[-110.95268666,29.07596388],[-110.95249125,29.07600182],[-110.95233745,29.07602368],[-110.951732,29.07607031],[-110.95168543,29.07607389],[-110.95166565,29.0758844],[-110.95139565,29.07586229]]]]}},{"type":"Feature","properties":{"cvegeo":"2603000013371061","nom_ent":"Sonora","nom_mun":"Hermosillo","nom_loc":"Hermosillo","cve_ageb":"3371","cve_mza":"061","ambito":"Urbana","tipomza":"Típica"},"geometry":{"type":"MultiPolygon","crs":{"type":"name","properties":{"name":"EPSG:6365"}},"coordinates":[[[[-110.95363691,29.07452569],[-110.95352348,29.07438782],[-110.95343878,29.07425142],[-110.95336503,29.07420175],[-110.95345557,29.074069],[-110.95344498,29.07406342],[-110.9534352,29.07405825],[-110.95334175,29.07419385],[-110.95318006,29.07409555],[-110.95298491,29.07418278],[-110.95281051,29.07402898],[-110.95315522,29.07378214],[-110.95336355,29.07377117],[-110.95349777,29.0738574],[-110.95356703,29.07370732],[-110.95355657,29.07342654],[-110.95348994,29.07324925],[-110.95367445,29.07319917],[-110.95386734,29.07320971],[-110.95385352,29.07342828],[-110.95384798,29.07361092],[-110.95384017,29.07376288],[-110.95382566,29.07387051],[-110.95380923,29.07394331],[-110.95374518,29.07414198],[-110.95371874,29.07427949],[-110.95371188,29.07434715],[-110.95373405,29.07448285],[-110.95371892,29.07455626],[-110.95366886,29.07455192],[-110.95363691,29.07452569]]]]}},{"type":"Feature","properties":{"cvegeo":"2603000013032010","nom_ent":"Sonora","nom_mun":"Hermosillo","nom_loc":"Hermosillo","cve_ageb":"3032","cve_mza":"010","ambito":"Urbana","tipomza":"Típica"},"geometry":{"type":"MultiPolygon","crs":{"type":"name","properties":{"name":"EPSG:6365"}},"coordinates":[[[[-110.9574226,29.07790635],[-110.95772388,29.07786132],[-110.95779929,29.07782072],[-110.9578282,29.07775305],[-110.95783091,29.07771352],[-110.95783411,29.07766729],[-110.95786203,29.07761372],[-110.95791525,29.07760563],[-110.95825775,29.07755354],[-110.95854689,29.07750957],[-110.95859314,29.07748475],[-110.95861628,29.07744414],[-110.95868669,29.07693352],[-110.95872498,29.07665566],[-110.95874415,29.07651674],[-110.95895142,29.07659077],[-110.95915869,29.0766648],[-110.95936597,29.07673882],[-110.95978051,29.07688688],[-110.96019505,29.07703494],[-110.9606096,29.07718298],[-110.96046331,29.07751126],[-110.96043257,29.07758025],[-110.9604102,29.07763042],[-110.960317,29.07783955],[-110.96026822,29.07794898],[-110.96023888,29.07801485],[-110.96021946,29.07805842],[-110.96002545,29.07807125],[-110.95905545,29.07813543],[-110.95789143,29.07821243],[-110.95769745,29.07822526],[-110.95750343,29.07823809],[-110.95749775,29.07821485],[-110.9574226,29.07790635]]]]}},{"type":"Feature","properties":{"cvegeo":"2603000013047010","nom_ent":"Sonora","nom_mun":"Hermosillo","nom_loc":"Hermosillo","cve_ageb":"3047","cve_mza":"010","ambito":"Urbana","tipomza":"Típica"},"geometry":{"type":"MultiPolygon","crs":{"type":"name","properties":{"name":"EPSG:6365"}},"coordinates":[[[[-110.95843942,29.07364605],[-110.95872109,29.07362208],[-110.95928448,29.07357412],[-110.95929477,29.07366077],[-110.95933598,29.07400738],[-110.95905397,29.07403438],[-110.95891298,29.07404788],[-110.95877198,29.07406138],[-110.95848998,29.07408837],[-110.95846471,29.0738672],[-110.95843942,29.07364605]]]]}},{"type":"Feature","properties":{"cvegeo":"2603000013047024","nom_ent":"Sonora","nom_mun":"Hermosillo","nom_loc":"Hermosillo","cve_ageb":"3047","cve_mza":"024","ambito":"Urbana","tipomza":"Típica"},"geometry":{"type":"MultiPolygon","crs":{"type":"name","properties":{"name":"EPSG:6365"}},"coordinates":[[[[-110.95836522,29.07364152],[-110.95841775,29.07409735],[-110.95785871,29.07416263],[-110.957805981,29.07370002],[-110.95836522,29.07364152]]]]}},{"type":"Feature","properties":{"cvegeo":"2603000013032011","nom_ent":"Sonora","nom_mun":"Hermosillo","nom_loc":"Hermosillo","cve_ageb":"3032","cve_mza":"011","ambito":"Urbana","tipomza":"Típica"},"geometry":{"type":"MultiPolygon","crs":{"type":"name","properties":{"name":"EPSG:6365"}},"coordinates":[[[[-110.95945537,29.07668028],[-110.95885783,29.07646502],[-110.95873832,29.07642197],[-110.95873689,29.07641152],[-110.95871385,29.07624437],[-110.95885437,29.07623743],[-110.95913542,29.07622351],[-110.95941646,29.0762096],[-110.95983803,29.07618875],[-110.95997855,29.07618178],[-110.96025962,29.07616789],[-110.96040012,29.07616092],[-110.96054063,29.07615397],[-110.96055632,29.07629066],[-110.96060337,29.07670072],[-110.96061908,29.0768374],[-110.96063475,29.07697411],[-110.96065043,29.07711078],[-110.96041142,29.07702468],[-110.95945537,29.07668028]]]]}},{"type":"Feature","properties":{"cvegeo":"2603000013032046","nom_ent":"Sonora","nom_mun":"Hermosillo","nom_loc":"Hermosillo","cve_ageb":"3032","cve_mza":"046","ambito":"Urbana","tipomza":"Típica"},"geometry":{"type":"MultiPolygon","crs":{"type":"name","properties":{"name":"EPSG:6365"}},"coordinates":[[[[-110.95996346,29.07462443],[-110.95994857,29.07450651],[-110.96036118,29.07446828],[-110.96047097,29.07540252],[-110.96039031,29.07541198],[-110.96030965,29.07542143],[-110.96014834,29.07544034],[-110.96006768,29.0754498],[-110.95999323,29.07486025],[-110.95996346,29.07462443]]]]}},{"type":"Feature","properties":{"cvegeo":"2603000013032044","nom_ent":"Sonora","nom_mun":"Hermosillo","nom_loc":"Hermosillo","cve_ageb":"3032","cve_mza":"044","ambito":"Urbana","tipomza":"Típica"},"geometry":{"type":"MultiPolygon","crs":{"type":"name","properties":{"name":"EPSG:6365"}},"coordinates":[[[[-110.95848114,29.07464346],[-110.9585096,29.07488943],[-110.95853806,29.07513542],[-110.95797809,29.07519165],[-110.95792075,29.07470648],[-110.95848114,29.07464346]]]]}},{"type":"Feature","properties":{"cvegeo":"2603000013032043","nom_ent":"Sonora","nom_mun":"Hermosillo","nom_loc":"Hermosillo","cve_ageb":"3032","cve_mza":"043","ambito":"Urbana","tipomza":"Típica"},"geometry":{"type":"MultiPolygon","crs":{"type":"name","properties":{"name":"EPSG:6365"}},"coordinates":[[[[-110.9572758,29.07493075],[-110.95725198,29.07478072],[-110.95784986,29.07471323],[-110.95790874,29.07519389],[-110.95771363,29.07520618],[-110.95732343,29.0752308],[-110.95729962,29.07508078],[-110.9572758,29.07493075]]]]}},{"type":"Feature","properties":{"cvegeo":"2603000013032042","nom_ent":"Sonora","nom_mun":"Hermosillo","nom_loc":"Hermosillo","cve_ageb":"3032","cve_mza":"042","ambito":"Urbana","tipomza":"Típica"},"geometry":{"type":"MultiPolygon","crs":{"type":"name","properties":{"name":"EPSG:6365"}},"coordinates":[[[[-110.95689962,29.0754836],[-110.95688135,29.07536785],[-110.95687308,29.07531534],[-110.95686238,29.07525217],[-110.95684285,29.07513658],[-110.95678422,29.07478983],[-110.95719114,29.07477645],[-110.95722954,29.07508109],[-110.95726794,29.07538575],[-110.95730634,29.0756904],[-110.95712125,29.07570274],[-110.95693615,29.07571511],[-110.95691788,29.07559935],[-110.95689962,29.0754836]]]]}},{"type":"Feature","properties":{"cvegeo":"2603000013352008","nom_ent":"Sonora","nom_mun":"Hermosillo","nom_loc":"Hermosillo","cve_ageb":"3352","cve_mza":"008","ambito":"Urbana","tipomza":"Típica"},"geometry":{"type":"MultiPolygon","crs":{"type":"name","properties":{"name":"EPSG:6365"}},"coordinates":[[[[-110.95576883,29.07779074],[-110.95583094,29.07816986],[-110.95586198,29.07835942],[-110.95523623,29.07840398],[-110.95521991,29.07784045],[-110.95576883,29.07779074]]]]}},{"type":"Feature","properties":{"cvegeo":"2603000013367026","nom_ent":"Sonora","nom_mun":"Hermosillo","nom_loc":"Hermosillo","cve_ageb":"3367","cve_mza":"026","ambito":"Urbana","tipomza":"Típica"},"geometry":{"type":"MultiPolygon","crs":{"type":"name","properties":{"name":"EPSG:6365"}},"coordinates":[[[[-110.9499044,29.07794145],[-110.95023669,29.07788494],[-110.95046971,29.07784529],[-110.9505862,29.07782549],[-110.95081922,29.07778586],[-110.95085228,29.07809218],[-110.95086331,29.07819431],[-110.95064029,29.07821529],[-110.95058455,29.07822054],[-110.95052882,29.07822578],[-110.95047305,29.07823102],[-110.95041731,29.07823626],[-110.95030582,29.07824675],[-110.94969257,29.07830445],[-110.9496542,29.077984],[-110.9499044,29.07794145]]]]}},{"type":"Feature","properties":{"cvegeo":"2603000013352009","nom_ent":"Sonora","nom_mun":"Hermosillo","nom_loc":"Hermosillo","cve_ageb":"3352","cve_mza":"009","ambito":"Urbana","tipomza":"Económica"},"geometry":{"type":"MultiPolygon","crs":{"type":"name","properties":{"name":"EPSG:6365"}},"coordinates":[[[[-110.95441934,29.07790762],[-110.95450718,29.07790142],[-110.95455111,29.07789832],[-110.95459503,29.07789525],[-110.9547268,29.07788594],[-110.95477074,29.07788283],[-110.95481466,29.07787975],[-110.95485858,29.07787665],[-110.95490251,29.07787355],[-110.95494642,29.07787045],[-110.95499035,29.07786735],[-110.95505449,29.07786283],[-110.95512212,29.07785806],[-110.95516605,29.07785495],[-110.95517011,29.0780416],[-110.95517823,29.07841488],[-110.95495577,29.07843158],[-110.95488162,29.07843717],[-110.95480746,29.07844274],[-110.95473331,29.07844831],[-110.954585,29.07845946],[-110.95456369,29.07846106],[-110.95451085,29.07846503],[-110.95446509,29.07818634],[-110.95441934,29.07790762]]]]}},{"type":"Feature","properties":{"cvegeo":"2603000013032021","nom_ent":"Sonora","nom_mun":"Hermosillo","nom_loc":"Hermosillo","cve_ageb":"3032","cve_mza":"021","ambito":"Urbana","tipomza":"Típica"},"geometry":{"type":"MultiPolygon","crs":{"type":"name","properties":{"name":"EPSG:6365"}},"coordinates":[[[[-110.95779225,29.07744258],[-110.95776772,29.07733972],[-110.9577432,29.07723688],[-110.95771951,29.07713754],[-110.95762194,29.07672846],[-110.95759071,29.07659746],[-110.95757151,29.07651692],[-110.95756938,29.076508],[-110.95756943,29.07641203],[-110.95762851,29.07638786],[-110.95763505,29.07638517],[-110.95775823,29.07638522],[-110.95794126,29.07638528],[-110.95795374,29.07638662],[-110.95801843,29.07639362],[-110.95804054,29.07639598],[-110.95814785,29.07640758],[-110.95840494,29.07643532],[-110.95847075,29.07644612],[-110.95853485,29.07645663],[-110.95859891,29.07646712],[-110.958663,29.07647763],[-110.95865665,29.07652334],[-110.95865029,29.07656903],[-110.95864394,29.07661474],[-110.95863758,29.07666043],[-110.95854226,29.07734594],[-110.95853591,29.07739165],[-110.95852955,29.07743734],[-110.95821277,29.07748537],[-110.95813357,29.0774974],[-110.95805703,29.077509],[-110.95781677,29.07754543],[-110.95780451,29.07749402],[-110.95779225,29.07744258]]]]}},{"type":"Feature","properties":{"cvegeo":"2603000013032030","nom_ent":"Sonora","nom_mun":"Hermosillo","nom_loc":"Hermosillo","cve_ageb":"3032","cve_mza":"030","ambito":"Urbana","tipomza":"Típica"},"geometry":{"type":"MultiPolygon","crs":{"type":"name","properties":{"name":"EPSG:6365"}},"coordinates":[[[[-110.95715986,29.07661328],[-110.95743805,29.07644637],[-110.95749118,29.07666874],[-110.95773706,29.07767855],[-110.95772705,29.07776429],[-110.95769817,29.07778911],[-110.95764617,29.07780489],[-110.957395049,29.07784768],[-110.95736077,29.0777004],[-110.95732648,29.07755311],[-110.95728428,29.07737188],[-110.95725789,29.07725855],[-110.957223621,29.07711128],[-110.95718932,29.07696398],[-110.95715503,29.07681672],[-110.95713498,29.07673063],[-110.95711946,29.07666966],[-110.95715986,29.07661328]]]]}},{"type":"Feature","properties":{"cvegeo":"2603000013352014","nom_ent":"Sonora","nom_mun":"Hermosillo","nom_loc":"Hermosillo","cve_ageb":"3352","cve_mza":"014","ambito":"Urbana","tipomza":"Típica"},"geometry":{"type":"MultiPolygon","crs":{"type":"name","properties":{"name":"EPSG:6365"}},"coordinates":[[[[-110.95230603,29.07611168],[-110.95266882,29.07609074],[-110.95278974,29.07608377],[-110.95282111,29.07651705],[-110.9517166,29.07654598],[-110.95170138,29.07614657],[-110.95230603,29.07611168]]]]}},{"type":"Feature","properties":{"cvegeo":"2603000013352035","nom_ent":"Sonora","nom_mun":"Hermosillo","nom_loc":"Hermosillo","cve_ageb":"3352","cve_mza":"035","ambito":"Urbana","tipomza":"Típica"},"geometry":{"type":"MultiPolygon","crs":{"type":"name","properties":{"name":"EPSG:6365"}},"coordinates":[[[[-110.95165955,29.07614882],[-110.95168412,29.07654597],[-110.9515344,29.07655003],[-110.95130975,29.07655609],[-110.95086054,29.07656825],[-110.95088834,29.07619368],[-110.95165955,29.07614882]]]]}},{"type":"Feature","properties":{"cvegeo":"2603000013367024","nom_ent":"Sonora","nom_mun":"Hermosillo","nom_loc":"Hermosillo","cve_ageb":"3367","cve_mza":"024","ambito":"Urbana","tipomza":"Típica"},"geometry":{"type":"MultiPolygon","crs":{"type":"name","properties":{"name":"EPSG:6365"}},"coordinates":[[[[-110.94946592,29.07627663],[-110.94959051,29.07626877],[-110.94996425,29.07624522],[-110.9502134,29.07622952],[-110.95024509,29.07657705],[-110.94949375,29.07654743],[-110.94946592,29.07627663]]]]}},{"type":"Feature","properties":{"cvegeo":"2603000013352013","nom_ent":"Sonora","nom_mun":"Hermosillo","nom_loc":"Hermosillo","cve_ageb":"3352","cve_mza":"013","ambito":"Urbana","tipomza":"Típica"},"geometry":{"type":"MultiPolygon","crs":{"type":"name","properties":{"name":"EPSG:6365"}},"coordinates":[[[[-110.95085748,29.07674112],[-110.95086785,29.07660118],[-110.95283388,29.07654548],[-110.95285248,29.07674912],[-110.95286178,29.07685097],[-110.9528804,29.07705462],[-110.95288971,29.07715646],[-110.95290831,29.07736012],[-110.95259565,29.07741522],[-110.952283,29.07747029],[-110.95212668,29.07749785],[-110.95197034,29.07752538],[-110.95181402,29.07755294],[-110.95174003,29.07756597],[-110.95165769,29.07758048],[-110.95150137,29.077608],[-110.95134503,29.07763555],[-110.95118871,29.07766309],[-110.95103238,29.07769063],[-110.95087606,29.07771818],[-110.95081585,29.07730295],[-110.95085748,29.07674112]]]]}},{"type":"Feature","properties":{"cvegeo":"2603000013352012","nom_ent":"Sonora","nom_mun":"Hermosillo","nom_loc":"Hermosillo","cve_ageb":"3352","cve_mza":"012","ambito":"Urbana","tipomza":"Económica"},"geometry":{"type":"MultiPolygon","crs":{"type":"name","properties":{"name":"EPSG:6365"}},"coordinates":[[[[-110.95235046,29.07778958],[-110.95233905,29.07765757],[-110.95232763,29.07752554],[-110.95258203,29.07748125],[-110.95272149,29.07745698],[-110.95283645,29.07743698],[-110.95309088,29.07739268],[-110.953106091,29.07758902],[-110.95312132,29.07778532],[-110.95313654,29.07798165],[-110.95294574,29.07799965],[-110.95275492,29.07801763],[-110.95256411,29.0780356],[-110.95237331,29.0780536],[-110.95236189,29.07792158],[-110.95235046,29.07778958]]]]}},{"type":"Feature","properties":{"cvegeo":"2603000013352034","nom_ent":"Sonora","nom_mun":"Hermosillo","nom_loc":"Hermosillo","cve_ageb":"3352","cve_mza":"034","ambito":"Urbana","tipomza":"Típica"},"geometry":{"type":"MultiPolygon","crs":{"type":"name","properties":{"name":"EPSG:6365"}},"coordinates":[[[[-110.95140157,29.07768371],[-110.951520769,29.07766323],[-110.95163994,29.07764275],[-110.95175912,29.07762229],[-110.95199748,29.07758134],[-110.95211668,29.07756088],[-110.95223588,29.0775404],[-110.95224486,29.07762689],[-110.95225386,29.07771342],[-110.95228086,29.07797292],[-110.95228988,29.07805943],[-110.95219906,29.07806811],[-110.95215365,29.07807245],[-110.95210825,29.07807678],[-110.95206285,29.07808114],[-110.95197205,29.07808982],[-110.95192663,29.07809417],[-110.9516542,29.0781202],[-110.9516088,29.07812455],[-110.951381779,29.07814625],[-110.95133638,29.0781506],[-110.95129068,29.07815495],[-110.95124557,29.07815928],[-110.95110935,29.07817231],[-110.95106394,29.07817665],[-110.95097314,29.07818532],[-110.95092485,29.07776558],[-110.95140157,29.07768371]]]]}},{"type":"Feature","properties":{"cvegeo":"2603000013367032","nom_ent":"Sonora","nom_mun":"Hermosillo","nom_loc":"Hermosillo","cve_ageb":"3367","cve_mza":"032","ambito":"Urbana","tipomza":"Típica"},"geometry":{"type":"MultiPolygon","crs":{"type":"name","properties":{"name":"EPSG:6365"}},"coordinates":[[[[-110.950812941,29.07619365],[-110.95078574,29.07657048],[-110.95045545,29.07657486],[-110.95029031,29.07657706],[-110.95026355,29.07622728],[-110.950812941,29.07619365]]]]}},{"type":"Feature","properties":{"cvegeo":"2603000013371106","nom_ent":"Sonora","nom_mun":"Hermosillo","nom_loc":"Hermosillo","cve_ageb":"3371","cve_mza":"106","ambito":"Urbana","tipomza":"Típica"},"geometry":{"type":"MultiPolygon","crs":{"type":"name","properties":{"name":"EPSG:6365"}},"coordinates":[[[[-110.95035349,29.073185],[-110.95028923,29.07313522],[-110.950306029,29.07304492],[-110.95017134,29.07300318],[-110.95019189,29.07284665],[-110.95030762,29.07283954],[-110.95036203,29.07292245],[-110.95040923,29.07304592],[-110.9504448,29.07304626],[-110.950464371,29.07298718],[-110.95064906,29.07299637],[-110.95076597,29.07302946],[-110.95082503,29.07306728],[-110.95085325,29.07310515],[-110.95085675,29.07311277],[-110.95086886,29.07313909],[-110.95087186,29.07315294],[-110.95087932,29.07318729],[-110.95087371,29.07323245],[-110.95084742,29.073271],[-110.95080234,29.0732952],[-110.9507352,29.07330517],[-110.950539891,29.0732704],[-110.95035349,29.073185]]]]}},{"type":"Feature","properties":{"cvegeo":"2603000013371115","nom_ent":"Sonora","nom_mun":"Hermosillo","nom_loc":"Hermosillo","cve_ageb":"3371","cve_mza":"115","ambito":"Urbana","tipomza":"Típica"},"geometry":{"type":"MultiPolygon","crs":{"type":"name","properties":{"name":"EPSG:6365"}},"coordinates":[[[[-110.952680089,29.07122391],[-110.95264372,29.07128248],[-110.952648969,29.07130235],[-110.95262429,29.07136423],[-110.952608279,29.071375861],[-110.95258628,29.07137842],[-110.95255875,29.07136783],[-110.95237237,29.07126122],[-110.9522556,29.07120522],[-110.95223517,29.07114142],[-110.952303,29.07103052],[-110.95234368,29.07102542],[-110.95255817,29.07112125],[-110.95259334,29.07112769],[-110.95262274,29.07107226],[-110.95263488,29.07109909],[-110.95265315,29.071116651],[-110.95266982,29.07116535],[-110.952680089,29.07122391]]]]}},{"type":"Feature","properties":{"cvegeo":"2603000013371114","nom_ent":"Sonora","nom_mun":"Hermosillo","nom_loc":"Hermosillo","cve_ageb":"3371","cve_mza":"114","ambito":"Urbana","tipomza":"Típica"},"geometry":{"type":"MultiPolygon","crs":{"type":"name","properties":{"name":"EPSG:6365"}},"coordinates":[[[[-110.95233594,29.07100742],[-110.95228094,29.07101888],[-110.95225494,29.07108622],[-110.95209568,29.07106709],[-110.95197695,29.07103149],[-110.95201922,29.07094195],[-110.95214263,29.0709862],[-110.95217565,29.07091906],[-110.95220331,29.07084931],[-110.95225549,29.07075686],[-110.95241509,29.07081426],[-110.95238475,29.07086874],[-110.95246903,29.07090118],[-110.95244529,29.070963],[-110.95260209,29.07104349],[-110.95256598,29.07110377],[-110.95233594,29.07100742]]]]}},{"type":"Feature","properties":{"cvegeo":"2603000013371113","nom_ent":"Sonora","nom_mun":"Hermosillo","nom_loc":"Hermosillo","cve_ageb":"3371","cve_mza":"113","ambito":"Urbana","tipomza":"Típica"},"geometry":{"type":"MultiPolygon","crs":{"type":"name","properties":{"name":"EPSG:6365"}},"coordinates":[[[[-110.95210709,29.07090958],[-110.95207686,29.07095117],[-110.95201217,29.07092235],[-110.95206977,29.07079942],[-110.95218875,29.07084417],[-110.95215758,29.07091114],[-110.95210709,29.07090958]]]]}},{"type":"Feature","properties":{"cvegeo":"2603000013371040","nom_ent":"Sonora","nom_mun":"Hermosillo","nom_loc":"Hermosillo","cve_ageb":"3371","cve_mza":"040","ambito":"Urbana","tipomza":"Típica"},"geometry":{"type":"MultiPolygon","crs":{"type":"name","properties":{"name":"EPSG:6365"}},"coordinates":[[[[-110.95206489,29.07031403],[-110.95204072,29.0702012],[-110.95208234,29.07008177],[-110.95247002,29.07029894],[-110.95259194,29.07036723],[-110.95244482,29.07062157],[-110.95221802,29.07055582],[-110.95203025,29.07049598],[-110.95203368,29.07047792],[-110.95206489,29.07031403]]]]}},{"type":"Feature","properties":{"cvegeo":"2603000013371112","nom_ent":"Sonora","nom_mun":"Hermosillo","nom_loc":"Hermosillo","cve_ageb":"3371","cve_mza":"112","ambito":"Urbana","tipomza":"Típica"},"geometry":{"type":"MultiPolygon","crs":{"type":"name","properties":{"name":"EPSG:6365"}},"coordinates":[[[[-110.95224774,29.07073478],[-110.95219555,29.07083365],[-110.95199898,29.07075042],[-110.95205569,29.07055723],[-110.95211982,29.07057085],[-110.95217115,29.07058525],[-110.95227349,29.07060883],[-110.95230752,29.07060772],[-110.95242895,29.07066022],[-110.95237029,29.07078205],[-110.95224774,29.07073478]]]]}},{"type":"Feature","properties":{"cvegeo":"2603000013047008","nom_ent":"Sonora","nom_mun":"Hermosillo","nom_loc":"Hermosillo","cve_ageb":"3047","cve_mza":"008","ambito":"Urbana","tipomza":"Típica"},"geometry":{"type":"MultiPolygon","crs":{"type":"name","properties":{"name":"EPSG:6365"}},"coordinates":[[[[-110.95979368,29.07352912],[-110.96001169,29.07351115],[-110.96022972,29.07349315],[-110.96028288,29.0739174],[-110.96013646,29.07393089],[-110.95999005,29.0739444],[-110.95984365,29.07395788],[-110.95981866,29.07374351],[-110.95979368,29.07352912]]]]}},{"type":"Feature","properties":{"cvegeo":"2603000013352023","nom_ent":"Sonora","nom_mun":"Hermosillo","nom_loc":"Hermosillo","cve_ageb":"3352","cve_mza":"023","ambito":"Urbana","tipomza":"Económica"},"geometry":{"type":"MultiPolygon","crs":{"type":"name","properties":{"name":"EPSG:6365"}},"coordinates":[[[[-110.95633225,29.07590426],[-110.95655614,29.07588325],[-110.95680931,29.07585948],[-110.95685563,29.076122],[-110.95687882,29.07625326],[-110.95690197,29.07638452],[-110.95694831,29.07664705],[-110.95646951,29.07672858],[-110.95640091,29.07631662],[-110.95633225,29.07590426]]]]}},{"type":"Feature","properties":{"cvegeo":"2603000013352024","nom_ent":"Sonora","nom_mun":"Hermosillo","nom_loc":"Hermosillo","cve_ageb":"3352","cve_mza":"024","ambito":"Urbana","tipomza":"Típica"},"geometry":{"type":"MultiPolygon","crs":{"type":"name","properties":{"name":"EPSG:6365"}},"coordinates":[[[[-110.95655174,29.07709602],[-110.95649215,29.07681717],[-110.95654074,29.07680938],[-110.95660092,29.07679972],[-110.956673,29.07678817],[-110.95672131,29.07678043],[-110.95678148,29.07677077],[-110.95684165,29.07676114],[-110.95687383,29.07675597],[-110.95690183,29.07675148],[-110.95696202,29.07674183],[-110.95714115,29.07761517],[-110.95667143,29.07765631],[-110.95661145,29.07737555],[-110.95655174,29.07709602]]]]}},{"type":"Feature","properties":{"cvegeo":"2603000013032008","nom_ent":"Sonora","nom_mun":"Hermosillo","nom_loc":"Hermosillo","cve_ageb":"3032","cve_mza":"008","ambito":"Urbana","tipomza":"Típica"},"geometry":{"type":"MultiPolygon","crs":{"type":"name","properties":{"name":"EPSG:6365"}},"coordinates":[[[[-110.96150231,29.07882942],[-110.9623738,29.07876237],[-110.96205503,29.07945955],[-110.95964402,29.07965517],[-110.95997718,29.07894671],[-110.96150231,29.07882942]]]]}},{"type":"Feature","properties":{"cvegeo":"2603000013371001","nom_ent":"Sonora","nom_mun":"Hermosillo","nom_loc":"Hermosillo","cve_ageb":"3371","cve_mza":"001","ambito":"Urbana","tipomza":"Típica"},"geometry":{"type":"MultiPolygon","crs":{"type":"name","properties":{"name":"EPSG:6365"}},"coordinates":[[[[-110.95473565,29.07360649],[-110.9553036,29.07355254],[-110.95532149,29.07377931],[-110.95533938,29.07400611],[-110.95473552,29.07388406],[-110.95473565,29.07360649]]]]}},{"type":"Feature","properties":{"cvegeo":"2603000013371002","nom_ent":"Sonora","nom_mun":"Hermosillo","nom_loc":"Hermosillo","cve_ageb":"3371","cve_mza":"002","ambito":"Urbana","tipomza":"Típica"},"geometry":{"type":"MultiPolygon","crs":{"type":"name","properties":{"name":"EPSG:6365"}},"coordinates":[[[[-110.95438289,29.07368085],[-110.95438989,29.07361542],[-110.95467368,29.07360646],[-110.95467357,29.07386598],[-110.95436886,29.07381172],[-110.95438289,29.07368085]]]]}},{"type":"Feature","properties":{"cvegeo":"2603000013367031","nom_ent":"Sonora","nom_mun":"Hermosillo","nom_loc":"Hermosillo","cve_ageb":"3367","cve_mza":"031","ambito":"Urbana","tipomza":"Típica"},"geometry":{"type":"MultiPolygon","crs":{"type":"name","properties":{"name":"EPSG:6365"}},"coordinates":[[[[-110.95080731,29.07589288],[-110.95080289,29.07613329],[-110.95027534,29.0761586],[-110.95024895,29.07583655],[-110.95047425,29.07585928],[-110.95080731,29.07589288]]]]}},{"type":"Feature","properties":{"cvegeo":"2603000013352016","nom_ent":"Sonora","nom_mun":"Hermosillo","nom_loc":"Hermosillo","cve_ageb":"3352","cve_mza":"016","ambito":"Urbana","tipomza":"Típica"},"geometry":{"type":"MultiPolygon","crs":{"type":"name","properties":{"name":"EPSG:6365"}},"coordinates":[[[[-110.95366549,29.07604205],[-110.95381551,29.07603603],[-110.95396552,29.07603002],[-110.95401149,29.07624892],[-110.95405749,29.07646783],[-110.95358026,29.07648737],[-110.95351549,29.07604805],[-110.95366549,29.07604205]]]]}},{"type":"Feature","properties":{"cvegeo":"2603000013371010","nom_ent":"Sonora","nom_mun":"Hermosillo","nom_loc":"Hermosillo","cve_ageb":"3371","cve_mza":"010","ambito":"Urbana","tipomza":"Típica"},"geometry":{"type":"MultiPolygon","crs":{"type":"name","properties":{"name":"EPSG:6365"}},"coordinates":[[[[-110.95379328,29.074561],[-110.95376908,29.07444046],[-110.953759149,29.07429903],[-110.95378375,29.07416729],[-110.95379343,29.07411545],[-110.95388194,29.07377925],[-110.95427157,29.07386222],[-110.95424332,29.07398172],[-110.95413032,29.07445971],[-110.95410208,29.07457922],[-110.95391969,29.074555],[-110.95379328,29.074561]]]]}},{"type":"Feature","properties":{"cvegeo":"2603000013047014","nom_ent":"Sonora","nom_mun":"Hermosillo","nom_loc":"Hermosillo","cve_ageb":"3047","cve_mza":"014","ambito":"Urbana","tipomza":"Típica"},"geometry":{"type":"MultiPolygon","crs":{"type":"name","properties":{"name":"EPSG:6365"}},"coordinates":[[[[-110.95910303,29.07125725],[-110.95907394,29.0710264],[-110.95947914,29.07099717],[-110.95947603,29.07095229],[-110.9594724,29.07090015],[-110.95905765,29.07093588],[-110.95898845,29.07031555],[-110.95928028,29.0703164],[-110.95957211,29.07031723],[-110.95986395,29.07031808],[-110.95989362,29.07071935],[-110.95990514,29.07087545],[-110.95993517,29.07111974],[-110.960008879,29.07171943],[-110.9597994,29.07173855],[-110.95938042,29.0717768],[-110.95917094,29.07179591],[-110.95912243,29.07141115],[-110.95910303,29.07125725]]]]}},{"type":"Feature","properties":{"cvegeo":"2603000013047026","nom_ent":"Sonora","nom_mun":"Hermosillo","nom_loc":"Hermosillo","cve_ageb":"3047","cve_mza":"026","ambito":"Urbana","tipomza":"Típica"},"geometry":{"type":"MultiPolygon","crs":{"type":"name","properties":{"name":"EPSG:6365"}},"coordinates":[[[[-110.95760726,29.0720098],[-110.95818168,29.07196711],[-110.9582092,29.07221834],[-110.9582642,29.07272082],[-110.95769683,29.07277252],[-110.95765206,29.07239117],[-110.95760726,29.0720098]]]]}},{"type":"Feature","properties":{"cvegeo":"2603000013047038","nom_ent":"Sonora","nom_mun":"Hermosillo","nom_loc":"Hermosillo","cve_ageb":"3047","cve_mza":"038","ambito":"Urbana","tipomza":"Típica"},"geometry":{"type":"MultiPolygon","crs":{"type":"name","properties":{"name":"EPSG:6365"}},"coordinates":[[[[-110.95697968,29.07225048],[-110.95695865,29.07205697],[-110.957535951,29.07201428],[-110.95759995,29.07255911],[-110.95762555,29.07277703],[-110.95704278,29.07283102],[-110.95702175,29.07263751],[-110.95697968,29.07225048]]]]}},{"type":"Feature","properties":{"cvegeo":"2603000013047009","nom_ent":"Sonora","nom_mun":"Hermosillo","nom_loc":"Hermosillo","cve_ageb":"3047","cve_mza":"009","ambito":"Urbana","tipomza":"Típica"},"geometry":{"type":"MultiPolygon","crs":{"type":"name","properties":{"name":"EPSG:6365"}},"coordinates":[[[[-110.9593458,29.0735696],[-110.95973048,29.07353588],[-110.95978651,29.07396465],[-110.95959208,29.07398263],[-110.95939763,29.07400062],[-110.95939052,29.07394146],[-110.9593458,29.0735696]]]]}},{"type":"Feature","properties":{"cvegeo":"2603000013352032","nom_ent":"Sonora","nom_mun":"Hermosillo","nom_loc":"Hermosillo","cve_ageb":"3352","cve_mza":"032","ambito":"Urbana","tipomza":"Económica"},"geometry":{"type":"MultiPolygon","crs":{"type":"name","properties":{"name":"EPSG:6365"}},"coordinates":[[[[-110.95109066,29.07909926],[-110.95107683,29.07899095],[-110.95106302,29.07888263],[-110.9510492,29.07877432],[-110.95114958,29.07876777],[-110.95124994,29.0787612],[-110.95135032,29.07875463],[-110.95145071,29.07874806],[-110.95156212,29.0787408],[-110.95165146,29.07873495],[-110.95175183,29.0787284],[-110.95185222,29.07872185],[-110.95195258,29.07871528],[-110.95205298,29.07870871],[-110.95215335,29.07870214],[-110.95225372,29.0786956],[-110.95232526,29.07869091],[-110.95235411,29.07868903],[-110.95235703,29.0787326],[-110.95235994,29.07877617],[-110.95236286,29.07881975],[-110.9523658,29.07886331],[-110.95236869,29.07890688],[-110.95237162,29.07895045],[-110.95237455,29.07899402],[-110.95238037,29.07908115],[-110.95238623,29.07916829],[-110.95238914,29.07921188],[-110.95239206,29.07925545],[-110.952331399,29.07925832],[-110.95227075,29.0792612],[-110.95221009,29.07926408],[-110.95214945,29.07926695],[-110.95208878,29.07926983],[-110.95202814,29.07927272],[-110.95196746,29.0792756],[-110.95190683,29.07927848],[-110.95178552,29.07928423],[-110.95172485,29.07928711],[-110.9516642,29.07929],[-110.95160354,29.07929288],[-110.95154288,29.07929575],[-110.95148223,29.07929863],[-110.95142157,29.07930151],[-110.95136092,29.07930438],[-110.95123962,29.07931014],[-110.95117895,29.07931303],[-110.95111829,29.07931591],[-110.95110448,29.07920758],[-110.95109066,29.07909926]]]]}},{"type":"Feature","properties":{"cvegeo":"2603000013047025","nom_ent":"Sonora","nom_mun":"Hermosillo","nom_loc":"Hermosillo","cve_ageb":"3047","cve_mza":"025","ambito":"Urbana","tipomza":"Típica"},"geometry":{"type":"MultiPolygon","crs":{"type":"name","properties":{"name":"EPSG:6365"}},"coordinates":[[[[-110.95827218,29.07279303],[-110.95835889,29.07358285],[-110.9580792,29.07361435],[-110.95779954,29.07364586],[-110.95770483,29.07284025],[-110.95827218,29.07279303]]]]}},{"type":"Feature","properties":{"cvegeo":"2603000013032032","nom_ent":"Sonora","nom_mun":"Hermosillo","nom_loc":"Hermosillo","cve_ageb":"3032","cve_mza":"032","ambito":"Urbana","tipomza":"Típica"},"geometry":{"type":"MultiPolygon","crs":{"type":"name","properties":{"name":"EPSG:6365"}},"coordinates":[[[[-110.957968091,29.07572671],[-110.95798629,29.07591175],[-110.95743754,29.07595669],[-110.95740832,29.07576062],[-110.957968091,29.07572671]]]]}},{"type":"Feature","properties":{"cvegeo":"2603000013032031","nom_ent":"Sonora","nom_mun":"Hermosillo","nom_loc":"Hermosillo","cve_ageb":"3032","cve_mza":"031","ambito":"Urbana","tipomza":"Típica"},"geometry":{"type":"MultiPolygon","crs":{"type":"name","properties":{"name":"EPSG:6365"}},"coordinates":[[[[-110.95713888,29.07580654],[-110.95731915,29.07578968],[-110.95738488,29.07624937],[-110.95740049,29.07634257],[-110.95709094,29.07655909],[-110.95704729,29.07630898],[-110.95695862,29.07582342],[-110.95713888,29.07580654]]]]}},{"type":"Feature","properties":{"cvegeo":"2603000013047002","nom_ent":"Sonora","nom_mun":"Hermosillo","nom_loc":"Hermosillo","cve_ageb":"3047","cve_mza":"002","ambito":"Urbana","tipomza":"Típica"},"geometry":{"type":"MultiPolygon","crs":{"type":"name","properties":{"name":"EPSG:6365"}},"coordinates":[[[[-110.959242479,29.07270985],[-110.95935506,29.07270009],[-110.95991803,29.07265137],[-110.959881629,29.07292289],[-110.9598452,29.07319442],[-110.9598088,29.07346594],[-110.959652,29.07347943],[-110.95933845,29.07350643],[-110.95928086,29.07302848],[-110.959242479,29.07270985]]]]}},{"type":"Feature","properties":{"cvegeo":"2603000013352031","nom_ent":"Sonora","nom_mun":"Hermosillo","nom_loc":"Hermosillo","cve_ageb":"3352","cve_mza":"031","ambito":"Urbana","tipomza":"Económica"},"geometry":{"type":"MultiPolygon","crs":{"type":"name","properties":{"name":"EPSG:6365"}},"coordinates":[[[[-110.95245435,29.07918218],[-110.95245286,29.07915748],[-110.95245135,29.07913275],[-110.95244986,29.07910802],[-110.95244837,29.07908329],[-110.95244686,29.07905857],[-110.95244538,29.07903386],[-110.95244388,29.07900911],[-110.95244089,29.07895968],[-110.95243937,29.07893495],[-110.9524304,29.0787866],[-110.95242889,29.07876188],[-110.95242589,29.07871242],[-110.9524244,29.07868769],[-110.95253491,29.07868022],[-110.95259015,29.07867648],[-110.95264542,29.07867274],[-110.95270065,29.07866898],[-110.95275589,29.07866525],[-110.95277583,29.07866389],[-110.95281115,29.07866151],[-110.9528664,29.07865777],[-110.95292166,29.07865403],[-110.95297691,29.07865029],[-110.95303215,29.07864655],[-110.95308742,29.0786428],[-110.95314266,29.07863906],[-110.95319791,29.07863532],[-110.95325317,29.07863158],[-110.95325974,29.07870435],[-110.95326634,29.07877714],[-110.95327291,29.07884991],[-110.95327949,29.07892269],[-110.95328608,29.07899546],[-110.95329266,29.07906823],[-110.95329923,29.07914102],[-110.95330582,29.07921378],[-110.95322882,29.07921766],[-110.95319031,29.07921958],[-110.95315182,29.07922152],[-110.95311332,29.07922346],[-110.95307483,29.0792254],[-110.95303634,29.07922732],[-110.95299783,29.07922928],[-110.95295934,29.0792312],[-110.95288235,29.07923508],[-110.95284383,29.07923702],[-110.95272835,29.07924282],[-110.95268985,29.07924475],[-110.95265135,29.07924669],[-110.95261286,29.07924863],[-110.95257437,29.07925055],[-110.95253586,29.07925249],[-110.95249737,29.07925443],[-110.95245886,29.07925637],[-110.95245585,29.07920691],[-110.95245435,29.07918218]]]]}},{"type":"Feature","properties":{"cvegeo":"2603000013032009","nom_ent":"Sonora","nom_mun":"Hermosillo","nom_loc":"Hermosillo","cve_ageb":"3032","cve_mza":"009","ambito":"Urbana","tipomza":"Típica"},"geometry":{"type":"MultiPolygon","crs":{"type":"name","properties":{"name":"EPSG:6365"}},"coordinates":[[[[-110.95753257,29.0783216],[-110.95772168,29.07830925],[-110.95798318,29.07829217],[-110.95828897,29.07827218],[-110.9584316,29.07826288],[-110.95923446,29.07821043],[-110.95942357,29.07819808],[-110.95980177,29.07817337],[-110.96017997,29.07814866],[-110.95987271,29.07884134],[-110.95896338,29.07889746],[-110.9589606,29.07894638],[-110.95895758,29.078999],[-110.95982642,29.07894737],[-110.95961734,29.07941968],[-110.95951278,29.07965583],[-110.9593098,29.07966874],[-110.95870091,29.07970748],[-110.95849795,29.0797204],[-110.95845835,29.07972292],[-110.95788903,29.07975914],[-110.9577108,29.07904037],[-110.95753257,29.0783216]]]]}},{"type":"Feature","properties":{"cvegeo":"2603000013047021","nom_ent":"Sonora","nom_mun":"Hermosillo","nom_loc":"Hermosillo","cve_ageb":"3047","cve_mza":"021","ambito":"Urbana","tipomza":"Típica"},"geometry":{"type":"MultiPolygon","crs":{"type":"name","properties":{"name":"EPSG:6365"}},"coordinates":[[[[-110.95941557,29.07414845],[-110.95940214,29.07403674],[-110.95979092,29.07400075],[-110.95984694,29.07444982],[-110.95979109,29.07445463],[-110.95973522,29.07445945],[-110.95967935,29.07446426],[-110.95962349,29.07446908],[-110.95956762,29.07447391],[-110.95951175,29.07447872],[-110.95945589,29.07448355],[-110.95942902,29.07426014],[-110.95941557,29.07414845]]]]}},{"type":"Feature","properties":{"cvegeo":"2603000013047022","nom_ent":"Sonora","nom_mun":"Hermosillo","nom_loc":"Hermosillo","cve_ageb":"3047","cve_mza":"022","ambito":"Urbana","tipomza":"Típica"},"geometry":{"type":"MultiPolygon","crs":{"type":"name","properties":{"name":"EPSG:6365"}},"coordinates":[[[[-110.95849417,29.0741222],[-110.95912868,29.07406317],[-110.95934018,29.07404349],[-110.95939302,29.07449031],[-110.95896868,29.07452628],[-110.95882725,29.07453826],[-110.95868578,29.07455026],[-110.95854435,29.07456225],[-110.95850851,29.07424794],[-110.95849417,29.0741222]]]]}},{"type":"Feature","properties":{"cvegeo":"2603000013371086","nom_ent":"Sonora","nom_mun":"Hermosillo","nom_loc":"Hermosillo","cve_ageb":"3371","cve_mza":"086","ambito":"Urbana","tipomza":"Típica"},"geometry":{"type":"MultiPolygon","crs":{"type":"name","properties":{"name":"EPSG:6365"}},"coordinates":[[[[-110.95360788,29.07205883],[-110.95353126,29.07208975],[-110.95339822,29.07190071],[-110.95364155,29.07177257],[-110.95374949,29.07186329],[-110.95380049,29.07195109],[-110.95370355,29.07201502],[-110.95360788,29.07205883]]]]}},{"type":"Feature","properties":{"cvegeo":"2603000013371119","nom_ent":"Sonora","nom_mun":"Hermosillo","nom_loc":"Hermosillo","cve_ageb":"3371","cve_mza":"119","ambito":"Urbana","tipomza":"Típica"},"geometry":{"type":"MultiPolygon","crs":{"type":"name","properties":{"name":"EPSG:6365"}},"coordinates":[[[[-110.95099878,29.06999452],[-110.9510254,29.07020655],[-110.95107422,29.07022966],[-110.95111142,29.07035477],[-110.95089688,29.07038862],[-110.95085726,29.0702188],[-110.95083803,29.0700328],[-110.95099878,29.06999452]]]]}},{"type":"Feature","properties":{"cvegeo":"2603000013371036","nom_ent":"Sonora","nom_mun":"Hermosillo","nom_loc":"Hermosillo","cve_ageb":"3371","cve_mza":"036","ambito":"Urbana","tipomza":"Típica"},"geometry":{"type":"MultiPolygon","crs":{"type":"name","properties":{"name":"EPSG:6365"}},"coordinates":[[[[-110.95028769,29.07058218],[-110.950213579,29.07045506],[-110.95015742,29.07040678],[-110.95010137,29.07041782],[-110.95008246,29.07033882],[-110.95006974,29.07028574],[-110.95043022,29.07017282],[-110.95048034,29.070328196],[-110.9505162,29.07031877],[-110.95046529,29.07016183],[-110.95079086,29.07005983],[-110.95083843,29.07026505],[-110.95087589,29.07043974],[-110.95090423,29.07063254],[-110.95090063,29.07070634],[-110.95069923,29.07070845],[-110.95064085,29.07069791],[-110.95035731,29.07067425],[-110.95033451,29.07064977],[-110.95028769,29.07058218]]]]}},{"type":"Feature","properties":{"cvegeo":"2603000013371109","nom_ent":"Sonora","nom_mun":"Hermosillo","nom_loc":"Hermosillo","cve_ageb":"3371","cve_mza":"109","ambito":"Urbana","tipomza":"Típica"},"geometry":{"type":"MultiPolygon","crs":{"type":"name","properties":{"name":"EPSG:6365"}},"coordinates":[[[[-110.94946697,29.07054234],[-110.94974122,29.07049957],[-110.95007391,29.07041765],[-110.95008114,29.07046354],[-110.95015803,29.07045122],[-110.95020218,29.07047462],[-110.95025117,29.07057448],[-110.95035295,29.07070903],[-110.95015837,29.07074245],[-110.95005943,29.07075708],[-110.94997806,29.07086217],[-110.94973857,29.07086643],[-110.94970862,29.07083934],[-110.94965209,29.07078397],[-110.94957846,29.07071811],[-110.94952,29.07065154],[-110.94946697,29.07054234]]]]}},{"type":"Feature","properties":{"cvegeo":"2603000013352002","nom_ent":"Sonora","nom_mun":"Hermosillo","nom_loc":"Hermosillo","cve_ageb":"3352","cve_mza":"002","ambito":"Urbana","tipomza":"Típica"},"geometry":{"type":"MultiPolygon","crs":{"type":"name","properties":{"name":"EPSG:6365"}},"coordinates":[[[[-110.95318925,29.07772055],[-110.953182,29.07763577],[-110.95317474,29.07755098],[-110.95316023,29.07738142],[-110.95351045,29.07732137],[-110.95386066,29.07726131],[-110.95408206,29.07722335],[-110.95421088,29.07720126],[-110.95425308,29.07742542],[-110.95429526,29.0776496],[-110.95433746,29.07787375],[-110.95421229,29.077885],[-110.95408714,29.07789623],[-110.95383683,29.07791871],[-110.95371166,29.07792995],[-110.95358651,29.0779412],[-110.95349418,29.07794948],[-110.95333618,29.07796366],[-110.95321102,29.07797491],[-110.95319652,29.07780534],[-110.95318925,29.07772055]]]]}},{"type":"Feature","properties":{"cvegeo":"2603000013352001","nom_ent":"Sonora","nom_mun":"Hermosillo","nom_loc":"Hermosillo","cve_ageb":"3352","cve_mza":"001","ambito":"Urbana","tipomza":"Económica"},"geometry":{"type":"MultiPolygon","crs":{"type":"name","properties":{"name":"EPSG:6365"}},"coordinates":[[[[-110.95561626,29.07694075],[-110.95573571,29.07770014],[-110.95441797,29.07782995],[-110.95428514,29.07718858],[-110.95561626,29.07694075]]]]}},{"type":"Feature","properties":{"cvegeo":"2603000013371024","nom_ent":"Sonora","nom_mun":"Hermosillo","nom_loc":"Hermosillo","cve_ageb":"3371","cve_mza":"024","ambito":"Urbana","tipomza":"Típica"},"geometry":{"type":"MultiPolygon","crs":{"type":"name","properties":{"name":"EPSG:6365"}},"coordinates":[[[[-110.95384151,29.07204569],[-110.95390395,29.07219406],[-110.95399911,29.07251486],[-110.95380918,29.07254789],[-110.95371868,29.07232751],[-110.95369429,29.072324],[-110.9535336,29.07210071],[-110.95361852,29.0720696],[-110.95370343,29.07202774],[-110.95381086,29.07196465],[-110.95384151,29.07204569]]]]}},{"type":"Feature","properties":{"cvegeo":"2603000013371045","nom_ent":"Sonora","nom_mun":"Hermosillo","nom_loc":"Hermosillo","cve_ageb":"3371","cve_mza":"045","ambito":"Urbana","tipomza":"Típica"},"geometry":{"type":"MultiPolygon","crs":{"type":"name","properties":{"name":"EPSG:6365"}},"coordinates":[[[[-110.95261728,29.06989502],[-110.95247109,29.07017218],[-110.95218429,29.07003998],[-110.95214462,29.07002168],[-110.95201046,29.06995606],[-110.95183765,29.06992631],[-110.95176317,29.06991348],[-110.95171485,29.06990638],[-110.95146852,29.06987023],[-110.95143862,29.06962031],[-110.95206434,29.06962122],[-110.95222397,29.06965348],[-110.95269485,29.06974797],[-110.95261728,29.06989502]]]]}},{"type":"Feature","properties":{"cvegeo":"2603000013352004","nom_ent":"Sonora","nom_mun":"Hermosillo","nom_loc":"Hermosillo","cve_ageb":"3352","cve_mza":"004","ambito":"Urbana","tipomza":"Típica"},"geometry":{"type":"MultiPolygon","crs":{"type":"name","properties":{"name":"EPSG:6365"}},"coordinates":[[[[-110.955488476,29.075921098],[-110.95550546,29.07591997],[-110.95554618,29.0764156],[-110.95560931,29.07688129],[-110.95426512,29.07709872],[-110.95404915,29.07601671],[-110.955306201,29.075933207],[-110.955488476,29.075921098]]]]}},{"type":"Feature","properties":{"cvegeo":"2603000013047037","nom_ent":"Sonora","nom_mun":"Hermosillo","nom_loc":"Hermosillo","cve_ageb":"3047","cve_mza":"037","ambito":"Urbana","tipomza":"Típica"},"geometry":{"type":"MultiPolygon","crs":{"type":"name","properties":{"name":"EPSG:6365"}},"coordinates":[[[[-110.95763352,29.07284698],[-110.9577308,29.0736526],[-110.95743511,29.07368523],[-110.9571394,29.07371786],[-110.95705015,29.07289645],[-110.95763352,29.07284698]]]]}},{"type":"Feature","properties":{"cvegeo":"2603000013047011","nom_ent":"Sonora","nom_mun":"Hermosillo","nom_loc":"Hermosillo","cve_ageb":"3047","cve_mza":"011","ambito":"Urbana","tipomza":"Típica"},"geometry":{"type":"MultiPolygon","crs":{"type":"name","properties":{"name":"EPSG:6365"}},"coordinates":[[[[-110.95927709,29.07351318],[-110.9584404,29.073579397],[-110.958349206,29.072777665],[-110.95918238,29.07271432],[-110.95927709,29.07351318]]]]}},{"type":"Feature","properties":{"cvegeo":"2603000013352026","nom_ent":"Sonora","nom_mun":"Hermosillo","nom_loc":"Hermosillo","cve_ageb":"3352","cve_mza":"026","ambito":"Urbana","tipomza":"Típica"},"geometry":{"type":"MultiPolygon","crs":{"type":"name","properties":{"name":"EPSG:6365"}},"coordinates":[[[[-110.95697851,29.07834329],[-110.95715035,29.07833614],[-110.95732218,29.07832902],[-110.95736926,29.07849866],[-110.95738494,29.07855522],[-110.95740063,29.07861175],[-110.95741634,29.07866831],[-110.95744771,29.0787814],[-110.9574634,29.07883794],[-110.95747909,29.07889448],[-110.95749477,29.07895105],[-110.95751046,29.07900758],[-110.95742131,29.07901177],[-110.95697445,29.07903282],[-110.95683568,29.0783492],[-110.95697851,29.07834329]]]]}},{"type":"Feature","properties":{"cvegeo":"2603000013371014","nom_ent":"Sonora","nom_mun":"Hermosillo","nom_loc":"Hermosillo","cve_ageb":"3371","cve_mza":"014","ambito":"Urbana","tipomza":"Típica"},"geometry":{"type":"MultiPolygon","crs":{"type":"name","properties":{"name":"EPSG:6365"}},"coordinates":[[[[-110.95432889,29.07250145],[-110.95433585,29.07296032],[-110.95410008,29.07298926],[-110.95401755,29.07254471],[-110.95432889,29.07250145]]]]}},{"type":"Feature","properties":{"cvegeo":"2603000013371015","nom_ent":"Sonora","nom_mun":"Hermosillo","nom_loc":"Hermosillo","cve_ageb":"3371","cve_mza":"015","ambito":"Urbana","tipomza":"Típica"},"geometry":{"type":"MultiPolygon","crs":{"type":"name","properties":{"name":"EPSG:6365"}},"coordinates":[[[[-110.95441611,29.0727872],[-110.95442318,29.07273803],[-110.95443902,29.07262789],[-110.95442054,29.07246552],[-110.95439898,29.072341],[-110.95449911,29.07232031],[-110.95459288,29.07292172],[-110.95442851,29.07293268],[-110.95441611,29.0727872]]]]}},{"type":"Feature","properties":{"cvegeo":"2603000013371021","nom_ent":"Sonora","nom_mun":"Hermosillo","nom_loc":"Hermosillo","cve_ageb":"3371","cve_mza":"021","ambito":"Urbana","tipomza":"Típica"},"geometry":{"type":"MultiPolygon","crs":{"type":"name","properties":{"name":"EPSG:6365"}},"coordinates":[[[[-110.95421911,29.07459495],[-110.95465802,29.07458155],[-110.9547196,29.07544585],[-110.95433115,29.07554535],[-110.953942711,29.07564486],[-110.95381617,29.07524695],[-110.95421911,29.07459495]]]]}},{"type":"Feature","properties":{"cvegeo":"2603000013367030","nom_ent":"Sonora","nom_mun":"Hermosillo","nom_loc":"Hermosillo","cve_ageb":"3367","cve_mza":"030","ambito":"Urbana","tipomza":"Típica"},"geometry":{"type":"MultiPolygon","crs":{"type":"name","properties":{"name":"EPSG:6365"}},"coordinates":[[[[-110.94964652,29.07576508],[-110.95018849,29.07582909],[-110.95018617,29.07616529],[-110.950012,29.07617515],[-110.94948885,29.07620478],[-110.949462,29.07574329],[-110.94964652,29.07576508]]]]}},{"type":"Feature","properties":{"cvegeo":"2603000013352029","nom_ent":"Sonora","nom_mun":"Hermosillo","nom_loc":"Hermosillo","cve_ageb":"3352","cve_mza":"029","ambito":"Urbana","tipomza":"Típica"},"geometry":{"type":"MultiPolygon","crs":{"type":"name","properties":{"name":"EPSG:6365"}},"coordinates":[[[[-110.95462569,29.07897915],[-110.95461385,29.07892335],[-110.95459018,29.07881175],[-110.95457835,29.07875594],[-110.95456654,29.07870014],[-110.95454288,29.07858854],[-110.95453106,29.07853274],[-110.954578231,29.07852905],[-110.9546254,29.07852535],[-110.95495565,29.07849952],[-110.95500282,29.07849582],[-110.95514434,29.07848474],[-110.95519151,29.07848106],[-110.95522018,29.07884598],[-110.95524169,29.07911968],[-110.95500949,29.07913043],[-110.95477726,29.07914118],[-110.95466117,29.07914657],[-110.95463752,29.07903495],[-110.95462569,29.07897915]]]]}},{"type":"Feature","properties":{"cvegeo":"2603000013352030","nom_ent":"Sonora","nom_mun":"Hermosillo","nom_loc":"Hermosillo","cve_ageb":"3352","cve_mza":"030","ambito":"Urbana","tipomza":"Típica"},"geometry":{"type":"MultiPolygon","crs":{"type":"name","properties":{"name":"EPSG:6365"}},"coordinates":[[[[-110.95335525,29.07915842],[-110.95335071,29.07910528],[-110.95334618,29.07905215],[-110.95334406,29.07902717],[-110.95334166,29.07899902],[-110.95333714,29.07894588],[-110.953332619,29.07889274],[-110.95332808,29.07883963],[-110.95331903,29.07873335],[-110.95331451,29.07868022],[-110.95330998,29.07862709],[-110.95344648,29.07861651],[-110.95351472,29.07861123],[-110.95358295,29.07860594],[-110.9536512,29.07860066],[-110.95371945,29.07859537],[-110.95378769,29.07859009],[-110.95385592,29.0785848],[-110.95399243,29.07857423],[-110.954060661,29.07856894],[-110.95412889,29.07856366],[-110.95419714,29.07855837],[-110.95426538,29.07855309],[-110.95433363,29.0785478],[-110.95447012,29.07853722],[-110.9544836,29.0785986],[-110.95449709,29.07866],[-110.95451057,29.07872138],[-110.95452405,29.07878275],[-110.95453754,29.07884414],[-110.95455103,29.07890552],[-110.95456451,29.07896691],[-110.95459148,29.07908968],[-110.95460495,29.07915105],[-110.95452714,29.07915483],[-110.95444931,29.07915862],[-110.95437148,29.0791624],[-110.95429365,29.07916617],[-110.95421583,29.07916995],[-110.954138,29.07917375],[-110.95406018,29.07917752],[-110.95398237,29.07918131],[-110.95393698,29.07918351],[-110.95382671,29.07918886],[-110.95374888,29.07919265],[-110.95367106,29.07919642],[-110.95362562,29.07919863],[-110.95359323,29.0792002],[-110.95343758,29.07920777],[-110.95335975,29.07921155],[-110.95335809,29.07919186],[-110.95335525,29.07915842]]]]}},{"type":"Feature","properties":{"cvegeo":"2603000013352025","nom_ent":"Sonora","nom_mun":"Hermosillo","nom_loc":"Hermosillo","cve_ageb":"3352","cve_mza":"025","ambito":"Urbana","tipomza":"Típica"},"geometry":{"type":"MultiPolygon","crs":{"type":"name","properties":{"name":"EPSG:6365"}},"coordinates":[[[[-110.95715911,29.07767158],[-110.95720091,29.07786111],[-110.95722135,29.07795372],[-110.95724272,29.07805063],[-110.95728451,29.07824015],[-110.95703652,29.07825729],[-110.95681685,29.07827248],[-110.95668772,29.07771908],[-110.95715911,29.07767158]]]]}},{"type":"Feature","properties":{"cvegeo":"2603000013032035","nom_ent":"Sonora","nom_mun":"Hermosillo","nom_loc":"Hermosillo","cve_ageb":"3032","cve_mza":"035","ambito":"Urbana","tipomza":"Típica"},"geometry":{"type":"MultiPolygon","crs":{"type":"name","properties":{"name":"EPSG:6365"}},"coordinates":[[[[-110.96041772,29.07549877],[-110.96046495,29.07551655],[-110.96048938,29.07555325],[-110.96050517,29.0756846],[-110.95963409,29.07576785],[-110.95960878,29.07557377],[-110.96041772,29.07549877]]]]}},{"type":"Feature","properties":{"cvegeo":"2603000013032025","nom_ent":"Sonora","nom_mun":"Hermosillo","nom_loc":"Hermosillo","cve_ageb":"3032","cve_mza":"025","ambito":"Urbana","tipomza":"Típica"},"geometry":{"type":"MultiPolygon","crs":{"type":"name","properties":{"name":"EPSG:6365"}},"coordinates":[[[[-110.95965522,29.07592955],[-110.95964117,29.075822],[-110.95975018,29.07581215],[-110.96018635,29.0757728],[-110.96040443,29.07575312],[-110.96051348,29.07574328],[-110.96052465,29.07591929],[-110.96053585,29.07609531],[-110.9604506,29.07610025],[-110.95985386,29.07613482],[-110.95968335,29.07614469],[-110.95966929,29.07603712],[-110.95965522,29.07592955]]]]}},{"type":"Feature","properties":{"cvegeo":"2603000013032045","nom_ent":"Sonora","nom_mun":"Hermosillo","nom_loc":"Hermosillo","cve_ageb":"3032","cve_mza":"045","ambito":"Urbana","tipomza":"Típica"},"geometry":{"type":"MultiPolygon","crs":{"type":"name","properties":{"name":"EPSG:6365"}},"coordinates":[[[[-110.959109031,29.0755388],[-110.95888983,29.07555952],[-110.95867065,29.07558025],[-110.95856182,29.0746302],[-110.9593432,29.07456415],[-110.95987602,29.07451326],[-110.95998611,29.07545878],[-110.95954745,29.07549775],[-110.95947554,29.07550415],[-110.9593282,29.07551806],[-110.959109031,29.0755388]]]]}},{"type":"Feature","properties":{"cvegeo":"2603000013371080","nom_ent":"Sonora","nom_mun":"Hermosillo","nom_loc":"Hermosillo","cve_ageb":"3371","cve_mza":"080","ambito":"Urbana","tipomza":"Típica"},"geometry":{"type":"MultiPolygon","crs":{"type":"name","properties":{"name":"EPSG:6365"}},"coordinates":[[[[-110.95120828,29.069951],[-110.95127148,29.06994371],[-110.95140352,29.06993646],[-110.95157582,29.0699524],[-110.95175332,29.0699744],[-110.95194112,29.07001402],[-110.95201177,29.07004672],[-110.95207251,29.07007486],[-110.9520068,29.07023812],[-110.95201506,29.07025858],[-110.95196734,29.07035374],[-110.95202255,29.07039122],[-110.95200486,29.07048918],[-110.9518856,29.07047126],[-110.95172666,29.07043854],[-110.95158178,29.07039751],[-110.95160454,29.07034069],[-110.95158798,29.07027377],[-110.95148306,29.07026562],[-110.95144058,29.07027854],[-110.95132678,29.07025411],[-110.9513276,29.07018102],[-110.95112652,29.07018362],[-110.95104591,29.07015182],[-110.95102245,29.06999118],[-110.95113228,29.06995975],[-110.95120828,29.069951]]]]}},{"type":"Feature","properties":{"cvegeo":"2603000013371111","nom_ent":"Sonora","nom_mun":"Hermosillo","nom_loc":"Hermosillo","cve_ageb":"3371","cve_mza":"111","ambito":"Urbana","tipomza":"Típica"},"geometry":{"type":"MultiPolygon","crs":{"type":"name","properties":{"name":"EPSG:6365"}},"coordinates":[[[[-110.9511446,29.07083894],[-110.95095454,29.07081185],[-110.95092529,29.07067086],[-110.95093325,29.07065017],[-110.95089775,29.07040062],[-110.95111032,29.07036868],[-110.95118286,29.07057618],[-110.95124575,29.07084468],[-110.9511446,29.07083894]]]]}},{"type":"Feature","properties":{"cvegeo":"2603000013047048","nom_ent":"Sonora","nom_mun":"Hermosillo","nom_loc":"Hermosillo","cve_ageb":"3047","cve_mza":"048","ambito":"Urbana","tipomza":"Típica"},"geometry":{"type":"MultiPolygon","crs":{"type":"name","properties":{"name":"EPSG:6365"}},"coordinates":[[[[-110.95588426,29.07250989],[-110.95586931,29.07240017],[-110.95579514,29.07185603],[-110.95572097,29.07131192],[-110.95680802,29.07122098],[-110.95685875,29.07175992],[-110.95688415,29.07202937],[-110.95690954,29.07229883],[-110.95693489,29.07256828],[-110.95696028,29.07283775],[-110.95605163,29.07291869],[-110.95594258,29.07272008],[-110.95589323,29.07257565],[-110.95588426,29.07250989]]]]}},{"type":"Feature","properties":{"cvegeo":"2603000013047047","nom_ent":"Sonora","nom_mun":"Hermosillo","nom_loc":"Hermosillo","cve_ageb":"3047","cve_mza":"047","ambito":"Urbana","tipomza":"Típica"},"geometry":{"type":"MultiPolygon","crs":{"type":"name","properties":{"name":"EPSG:6365"}},"coordinates":[[[[-110.95655254,29.07369571],[-110.95647248,29.07357106],[-110.95642563,29.07357348],[-110.95608498,29.07297962],[-110.95696797,29.07290317],[-110.95706398,29.07372686],[-110.95654158,29.0737756],[-110.95651677,29.07373232],[-110.95655254,29.07369571]]]]}},{"type":"Feature","properties":{"cvegeo":"2603000013371017","nom_ent":"Sonora","nom_mun":"Hermosillo","nom_loc":"Hermosillo","cve_ageb":"3371","cve_mza":"017","ambito":"Urbana","tipomza":"Típica"},"geometry":{"type":"MultiPolygon","crs":{"type":"name","properties":{"name":"EPSG:6365"}},"coordinates":[[[[-110.95599985,29.07344262],[-110.95594365,29.07310617],[-110.95594691,29.07308142],[-110.95595766,29.07307754],[-110.95597402,29.0730934],[-110.95613437,29.07335845],[-110.95622722,29.07351191],[-110.95637489,29.07377402],[-110.95638089,29.07378918],[-110.95605162,29.07381497],[-110.95600878,29.07349618],[-110.95599985,29.07344262]]]]}},{"type":"Feature","properties":{"cvegeo":"2603000013047027","nom_ent":"Sonora","nom_mun":"Hermosillo","nom_loc":"Hermosillo","cve_ageb":"3047","cve_mza":"027","ambito":"Urbana","tipomza":"Típica"},"geometry":{"type":"MultiPolygon","crs":{"type":"name","properties":{"name":"EPSG:6365"}},"coordinates":[[[[-110.95808309,29.07110957],[-110.95811286,29.0713676],[-110.95817238,29.0718836],[-110.957981,29.07190009],[-110.95759825,29.07193306],[-110.95750712,29.07115905],[-110.95808309,29.07110957]]]]}},{"type":"Feature","properties":{"cvegeo":"2603000013047046","nom_ent":"Sonora","nom_mun":"Hermosillo","nom_loc":"Hermosillo","cve_ageb":"3047","cve_mza":"046","ambito":"Urbana","tipomza":"Típica"},"geometry":{"type":"MultiPolygon","crs":{"type":"name","properties":{"name":"EPSG:6365"}},"coordinates":[[[[-110.95656688,29.07382608],[-110.95706972,29.07377649],[-110.95719005,29.07473332],[-110.9569844,29.07474454],[-110.95677875,29.07475575],[-110.9566064,29.07394786],[-110.95656688,29.07382608]]]]}},{"type":"Feature","properties":{"cvegeo":"2603000013367025","nom_ent":"Sonora","nom_mun":"Hermosillo","nom_loc":"Hermosillo","cve_ageb":"3367","cve_mza":"025","ambito":"Urbana","tipomza":"Típica"},"geometry":{"type":"MultiPolygon","crs":{"type":"name","properties":{"name":"EPSG:6365"}},"coordinates":[[[[-110.949578,29.07725623],[-110.949507859,29.07657811],[-110.9498518,29.07659315],[-110.95023669,29.07660997],[-110.950236941,29.07674537],[-110.9502774,29.0767454],[-110.95032612,29.0767454],[-110.95032557,29.07661226],[-110.95062306,29.07660665],[-110.95075055,29.07660422],[-110.95079305,29.07660343],[-110.95077502,29.07685431],[-110.950757,29.0771052],[-110.95074392,29.07728712],[-110.95081082,29.07772945],[-110.95022949,29.07783189],[-110.94986514,29.07789611],[-110.94974986,29.07791643],[-110.94964815,29.07793435],[-110.94959555,29.07742577],[-110.949578,29.07725623]]]]}},{"type":"Feature","properties":{"cvegeo":"2603000013371078","nom_ent":"Sonora","nom_mun":"Hermosillo","nom_loc":"Hermosillo","cve_ageb":"3371","cve_mza":"078","ambito":"Urbana","tipomza":"Típica"},"geometry":{"type":"MultiPolygon","crs":{"type":"name","properties":{"name":"EPSG:6365"}},"coordinates":[[[[-110.95156289,29.07048342],[-110.95157323,29.07043957],[-110.95172446,29.0704724],[-110.95193948,29.0705076],[-110.95202529,29.07053815],[-110.95201134,29.07060063],[-110.95198672,29.07059771],[-110.95198432,29.07060914],[-110.95196182,29.07071625],[-110.95197975,29.07073409],[-110.95196611,29.07076637],[-110.95204865,29.07079458],[-110.95200077,29.07091065],[-110.951968061,29.07098662],[-110.95184554,29.07093983],[-110.951556,29.07079777],[-110.95156289,29.07048342]]]]}},{"type":"Feature","properties":{"cvegeo":"2603000013371079","nom_ent":"Sonora","nom_mun":"Hermosillo","nom_loc":"Hermosillo","cve_ageb":"3371","cve_mza":"079","ambito":"Urbana","tipomza":"Típica"},"geometry":{"type":"MultiPolygon","crs":{"type":"name","properties":{"name":"EPSG:6365"}},"coordinates":[[[[-110.95122751,29.07061745],[-110.95117975,29.07037309],[-110.95115674,29.07021995],[-110.95129729,29.07021517],[-110.95131891,29.07027335],[-110.95146254,29.07029302],[-110.95153623,29.07031492],[-110.95156158,29.07038977],[-110.95155863,29.07041363],[-110.95155523,29.07044114],[-110.95153037,29.07045775],[-110.95153854,29.07085182],[-110.95140229,29.0708772],[-110.95129571,29.07084723],[-110.95125992,29.07061658],[-110.95122751,29.07061745]]]]}},{"type":"Feature","properties":{"cvegeo":"2603000013047028","nom_ent":"Sonora","nom_mun":"Hermosillo","nom_loc":"Hermosillo","cve_ageb":"3047","cve_mza":"028","ambito":"Urbana","tipomza":"Típica"},"geometry":{"type":"MultiPolygon","crs":{"type":"name","properties":{"name":"EPSG:6365"}},"coordinates":[[[[-110.95759715,29.07026998],[-110.9577918,29.07027005],[-110.95798645,29.07027012],[-110.95801555,29.07052211],[-110.95804466,29.07077411],[-110.95807377,29.07102609],[-110.95778565,29.07105194],[-110.95749751,29.0710778],[-110.95740251,29.07026992],[-110.95759715,29.07026998]]]]}},{"type":"Feature","properties":{"cvegeo":"2603000013371004","nom_ent":"Sonora","nom_mun":"Hermosillo","nom_loc":"Hermosillo","cve_ageb":"3371","cve_mza":"004","ambito":"Urbana","tipomza":"Típica"},"geometry":{"type":"MultiPolygon","crs":{"type":"name","properties":{"name":"EPSG:6365"}},"coordinates":[[[[-110.95523555,29.07292068],[-110.95526798,29.07321177],[-110.95530045,29.07350289],[-110.95501374,29.07352988],[-110.95472702,29.07355686],[-110.954691,29.07300398],[-110.95523555,29.07292068]]]]}},{"type":"Feature","properties":{"cvegeo":"2603000013371003","nom_ent":"Sonora","nom_mun":"Hermosillo","nom_loc":"Hermosillo","cve_ageb":"3371","cve_mza":"003","ambito":"Urbana","tipomza":"Típica"},"geometry":{"type":"MultiPolygon","crs":{"type":"name","properties":{"name":"EPSG:6365"}},"coordinates":[[[[-110.95462391,29.07301298],[-110.95464592,29.07328829],[-110.95466794,29.0735636],[-110.95438572,29.07357254],[-110.95440425,29.07304675],[-110.95462391,29.07301298]]]]}},{"type":"Feature","properties":{"cvegeo":"2603000013371012","nom_ent":"Sonora","nom_mun":"Hermosillo","nom_loc":"Hermosillo","cve_ageb":"3371","cve_mza":"012","ambito":"Urbana","tipomza":"Típica"},"geometry":{"type":"MultiPolygon","crs":{"type":"name","properties":{"name":"EPSG:6365"}},"coordinates":[[[[-110.95425226,29.07306754],[-110.95434351,29.07305577],[-110.95433045,29.07357477],[-110.95388485,29.07358363],[-110.95393294,29.07310869],[-110.95425226,29.07306754]]]]}},{"type":"Feature","properties":{"cvegeo":"2603000013371020","nom_ent":"Sonora","nom_mun":"Hermosillo","nom_loc":"Hermosillo","cve_ageb":"3371","cve_mza":"020","ambito":"Urbana","tipomza":"Típica"},"geometry":{"type":"MultiPolygon","crs":{"type":"name","properties":{"name":"EPSG:6365"}},"coordinates":[[[[-110.95529822,29.07454566],[-110.95524109,29.07531062],[-110.9551344,29.07533708],[-110.95508962,29.07534817],[-110.95478669,29.07542329],[-110.95472131,29.07457029],[-110.95529822,29.07454566]]]]}},{"type":"Feature","properties":{"cvegeo":"2603000013047013","nom_ent":"Sonora","nom_mun":"Hermosillo","nom_loc":"Hermosillo","cve_ageb":"3047","cve_mza":"013","ambito":"Urbana","tipomza":"Típica"},"geometry":{"type":"MultiPolygon","crs":{"type":"name","properties":{"name":"EPSG:6365"}},"coordinates":[[[[-110.95815666,29.07110283],[-110.95896605,29.07103312],[-110.95908194,29.07180266],[-110.95880038,29.07182738],[-110.95823722,29.07187686],[-110.95822109,29.07172205],[-110.95815666,29.07110283]]]]}},{"type":"Feature","properties":{"cvegeo":"2603000013047029","nom_ent":"Sonora","nom_mun":"Hermosillo","nom_loc":"Hermosillo","cve_ageb":"3047","cve_mza":"029","ambito":"Urbana","tipomza":"Típica"},"geometry":{"type":"MultiPolygon","crs":{"type":"name","properties":{"name":"EPSG:6365"}},"coordinates":[[[[-110.95833822,29.07028677],[-110.9586152,29.07030114],[-110.95889215,29.07031552],[-110.95895522,29.07094286],[-110.958551291,29.07098109],[-110.95814735,29.07101934],[-110.95806125,29.0702724],[-110.95833822,29.07028677]]]]}},{"type":"Feature","properties":{"cvegeo":"2603000013047036","nom_ent":"Sonora","nom_mun":"Hermosillo","nom_loc":"Hermosillo","cve_ageb":"3047","cve_mza":"036","ambito":"Urbana","tipomza":"Típica"},"geometry":{"type":"MultiPolygon","crs":{"type":"name","properties":{"name":"EPSG:6365"}},"coordinates":[[[[-110.95729294,29.07375231],[-110.95744103,29.07373715],[-110.95758914,29.07372195],[-110.95773726,29.07370677],[-110.95778588,29.07416937],[-110.95749175,29.07420538],[-110.95719765,29.0742414],[-110.95714482,29.07376751],[-110.95729294,29.07375231]]]]}},{"type":"Feature","properties":{"cvegeo":"2603000013047040","nom_ent":"Sonora","nom_mun":"Hermosillo","nom_loc":"Hermosillo","cve_ageb":"3047","cve_mza":"040","ambito":"Urbana","tipomza":"Típica"},"geometry":{"type":"MultiPolygon","crs":{"type":"name","properties":{"name":"EPSG:6365"}},"coordinates":[[[[-110.95733028,29.0702654],[-110.95742651,29.07108455],[-110.9571398,29.07110928],[-110.95685311,29.07113402],[-110.95679214,29.07027425],[-110.95733028,29.0702654]]]]}},{"type":"Feature","properties":{"cvegeo":"2603000013352036","nom_ent":"Sonora","nom_mun":"Hermosillo","nom_loc":"Hermosillo","cve_ageb":"3352","cve_mza":"036","ambito":"Urbana","tipomza":"Típica"},"geometry":{"type":"MultiPolygon","crs":{"type":"name","properties":{"name":"EPSG:6365"}},"coordinates":[[[[-110.95160032,29.07594808],[-110.95160875,29.07608003],[-110.95139878,29.07609454],[-110.95102606,29.07612031],[-110.95089377,29.07612945],[-110.950893719,29.07591131],[-110.95160032,29.07594808]]]]}},{"type":"Feature","properties":{"cvegeo":"2603000013047020","nom_ent":"Sonora","nom_mun":"Hermosillo","nom_loc":"Hermosillo","cve_ageb":"3047","cve_mza":"020","ambito":"Urbana","tipomza":"Típica"},"geometry":{"type":"MultiPolygon","crs":{"type":"name","properties":{"name":"EPSG:6365"}},"coordinates":[[[[-110.95984783,29.07399625],[-110.96006762,29.07397488],[-110.96028737,29.07395351],[-110.96034403,29.07440709],[-110.96019611,29.07441985],[-110.95990028,29.07444532],[-110.95987405,29.0742208],[-110.95984783,29.07399625]]]]}},{"type":"Feature","properties":{"cvegeo":"2603000013066056","nom_ent":"Sonora","nom_mun":"Hermosillo","nom_loc":"Hermosillo","cve_ageb":"3066","cve_mza":"056","ambito":"Urbana","tipomza":"Típica"},"geometry":{"type":"MultiPolygon","crs":{"type":"name","properties":{"name":"EPSG:6365"}},"coordinates":[[[[-110.95672574,29.06918666],[-110.95786191,29.06926094],[-110.95790346,29.069666],[-110.95794502,29.07007108],[-110.95744962,29.07006414],[-110.9573662,29.07005509],[-110.9571934,29.07002118],[-110.95697811,29.06994197],[-110.956530993,29.069841602],[-110.956315738,29.069803161],[-110.956337107,29.069701454],[-110.956320309,29.069580301],[-110.956275018,29.06951816],[-110.956116248,29.069469435],[-110.955819574,29.069435465],[-110.955942611,29.069391764],[-110.956408125,29.06920631],[-110.95672574,29.06918666]]]]}},{"type":"Feature","properties":{"cvegeo":"2603000013371068","nom_ent":"Sonora","nom_mun":"Hermosillo","nom_loc":"Hermosillo","cve_ageb":"3371","cve_mza":"068","ambito":"Urbana","tipomza":"Típica"},"geometry":{"type":"MultiPolygon","crs":{"type":"name","properties":{"name":"EPSG:6365"}},"coordinates":[[[[-110.95336843,29.0724968],[-110.9536222,29.07279468],[-110.95372455,29.07294458],[-110.95377042,29.07300948],[-110.95380272,29.07305397],[-110.95384732,29.07313102],[-110.95362449,29.07317968],[-110.95341957,29.07321222],[-110.95323569,29.07252602],[-110.95336843,29.0724968]]]]}},{"type":"Feature","properties":{"cvegeo":"2603000013371027","nom_ent":"Sonora","nom_mun":"Hermosillo","nom_loc":"Hermosillo","cve_ageb":"3371","cve_mza":"027","ambito":"Urbana","tipomza":"Típica"},"geometry":{"type":"MultiPolygon","crs":{"type":"name","properties":{"name":"EPSG:6365"}},"coordinates":[[[[-110.953103799,29.07068449],[-110.95316865,29.07052948],[-110.95328466,29.07037235],[-110.95342177,29.07034185],[-110.95345675,29.07033406],[-110.95385158,29.07029809],[-110.953961,29.07030298],[-110.95441149,29.07032311],[-110.95450274,29.07032946],[-110.95480891,29.07035082],[-110.9550412,29.07038469],[-110.95509608,29.07039269],[-110.95524966,29.07043262],[-110.95533295,29.0704804],[-110.95538634,29.07054335],[-110.95542775,29.07065895],[-110.95549128,29.07108109],[-110.95555483,29.07150323],[-110.95561835,29.07192537],[-110.95566642,29.07224489],[-110.95568188,29.07234752],[-110.9557454,29.07276965],[-110.95530042,29.07283945],[-110.95524309,29.07260475],[-110.9550062,29.07229102],[-110.95471518,29.07197725],[-110.95450405,29.07178537],[-110.95433062,29.07164294],[-110.95385825,29.07125488],[-110.953103799,29.07068449]]]]}},{"type":"Feature","properties":{"cvegeo":"2603000013371016","nom_ent":"Sonora","nom_mun":"Hermosillo","nom_loc":"Hermosillo","cve_ageb":"3371","cve_mza":"016","ambito":"Urbana","tipomza":"Típica"},"geometry":{"type":"MultiPolygon","crs":{"type":"name","properties":{"name":"EPSG:6365"}},"coordinates":[[[[-110.95492555,29.072337],[-110.95501248,29.07244417],[-110.95515737,29.0726228],[-110.95516483,29.07265734],[-110.95520129,29.07282603],[-110.95501851,29.0728554],[-110.95475195,29.07289825],[-110.95468482,29.07290905],[-110.95459829,29.07235309],[-110.95487372,29.07227311],[-110.95492555,29.072337]]]]}},{"type":"Feature","properties":{"cvegeo":"2603000013371013","nom_ent":"Sonora","nom_mun":"Hermosillo","nom_loc":"Hermosillo","cve_ageb":"3371","cve_mza":"013","ambito":"Urbana","tipomza":"Típica"},"geometry":{"type":"MultiPolygon","crs":{"type":"name","properties":{"name":"EPSG:6365"}},"coordinates":[[[[-110.95390763,29.07293178],[-110.95383463,29.07288403],[-110.95377288,29.07283843],[-110.95367618,29.07273926],[-110.95360388,29.07264849],[-110.95399528,29.07257158],[-110.95407274,29.07300302],[-110.95397175,29.07297162],[-110.95390763,29.07293178]]]]}},{"type":"Feature","properties":{"cvegeo":"2603000013047035","nom_ent":"Sonora","nom_mun":"Hermosillo","nom_loc":"Hermosillo","cve_ageb":"3047","cve_mza":"035","ambito":"Urbana","tipomza":"Típica"},"geometry":{"type":"MultiPolygon","crs":{"type":"name","properties":{"name":"EPSG:6365"}},"coordinates":[[[[-110.95764377,29.07423534],[-110.95779098,29.07421902],[-110.95782432,29.07453495],[-110.95783098,29.07459812],[-110.95783765,29.07466131],[-110.95725034,29.07472883],[-110.95720215,29.07428428],[-110.95764377,29.07423534]]]]}},{"type":"Feature","properties":{"cvegeo":"2603000013352003","nom_ent":"Sonora","nom_mun":"Hermosillo","nom_loc":"Hermosillo","cve_ageb":"3352","cve_mza":"003","ambito":"Urbana","tipomza":"Típica"},"geometry":{"type":"MultiPolygon","crs":{"type":"name","properties":{"name":"EPSG:6365"}},"coordinates":[[[[-110.95287231,29.07654865],[-110.95406517,29.07650392],[-110.95413085,29.07681874],[-110.95419651,29.07713355],[-110.95400257,29.07716751],[-110.953905599,29.07718449],[-110.95380862,29.07720146],[-110.95371165,29.07721845],[-110.95361468,29.07723542],[-110.95351769,29.0772524],[-110.95342705,29.07726826],[-110.95332375,29.07728635],[-110.95322677,29.07730332],[-110.95303283,29.07733729],[-110.95293585,29.07735426],[-110.95290408,29.07695146],[-110.95287231,29.07654865]]]]}},{"type":"Feature","properties":{"cvegeo":"2603000013051058","nom_ent":"Sonora","nom_mun":"Hermosillo","nom_loc":"Hermosillo","cve_ageb":"3051","cve_mza":"058","ambito":"Urbana","tipomza":"Típica"},"geometry":{"type":"MultiPolygon","crs":{"type":"name","properties":{"name":"EPSG:6365"}},"coordinates":[[[[-110.95995415,29.07000695],[-110.95988623,29.06931483],[-110.95996975,29.06924971],[-110.96037586,29.06921911],[-110.96077006,29.0691894],[-110.96078197,29.06918851],[-110.96154837,29.06913074],[-110.96334883,29.06899503],[-110.96362472,29.06897425],[-110.96403083,29.06894363],[-110.96408666,29.06893942],[-110.96421482,29.06893377],[-110.96440238,29.06904014],[-110.9646038,29.06970363],[-110.96461302,29.06982775],[-110.964613,29.06989318],[-110.96456611,29.07000148],[-110.96451925,29.0700466],[-110.96447229,29.07007142],[-110.96428006,29.07007812],[-110.95998722,29.0700566],[-110.95995415,29.07000695]]]]}},{"type":"Feature","properties":{"cvegeo":"2603000013051059","nom_ent":"Sonora","nom_mun":"Hermosillo","nom_loc":"Hermosillo","cve_ageb":"3051","cve_mza":"059","ambito":"Urbana","tipomza":"Económica"},"geometry":{"type":"MultiPolygon","crs":{"type":"name","properties":{"name":"EPSG:6365"}},"coordinates":[[[[-110.95801194,29.06942295],[-110.95803054,29.06938235],[-110.958063339,29.06934851],[-110.95815734,29.06934177],[-110.95822891,29.06934098],[-110.95831585,29.06934003],[-110.958396681,29.06933915],[-110.95849017,29.06933814],[-110.95891732,29.06933349],[-110.95896412,29.06933298],[-110.95934342,29.06930803],[-110.95957882,29.06929252],[-110.95971485,29.06928357],[-110.959766509,29.06929938],[-110.95978251,29.06934102],[-110.95984342,29.07006008],[-110.95806305,29.07007512],[-110.95801194,29.06942295]]]]}},{"type":"Feature","properties":{"cvegeo":"2603000013371009","nom_ent":"Sonora","nom_mun":"Hermosillo","nom_loc":"Hermosillo","cve_ageb":"3371","cve_mza":"009","ambito":"Urbana","tipomza":"Típica"},"geometry":{"type":"MultiPolygon","crs":{"type":"name","properties":{"name":"EPSG:6365"}},"coordinates":[[[[-110.95467354,29.07392917],[-110.9546692,29.07441837],[-110.95466812,29.07454069],[-110.95421895,29.07455858],[-110.95433289,29.07386135],[-110.95467354,29.07392917]]]]}},{"type":"Feature","properties":{"cvegeo":"2603000013371008","nom_ent":"Sonora","nom_mun":"Hermosillo","nom_loc":"Hermosillo","cve_ageb":"3371","cve_mza":"008","ambito":"Urbana","tipomza":"Típica"},"geometry":{"type":"MultiPolygon","crs":{"type":"name","properties":{"name":"EPSG:6365"}},"coordinates":[[[[-110.95534325,29.07406028],[-110.95530832,29.07450029],[-110.95505831,29.07451182],[-110.95472495,29.07452717],[-110.9547252,29.07394272],[-110.95534325,29.07406028]]]]}},{"type":"Feature","properties":{"cvegeo":"2603000013352018","nom_ent":"Sonora","nom_mun":"Hermosillo","nom_loc":"Hermosillo","cve_ageb":"3352","cve_mza":"018","ambito":"Urbana","tipomza":"Económica"},"geometry":{"type":"MultiPolygon","crs":{"type":"name","properties":{"name":"EPSG:6365"}},"coordinates":[[[[-110.95394992,29.075766],[-110.953956,29.07571862],[-110.95402085,29.07567577],[-110.95469448,29.07550222],[-110.954739371,29.07549065],[-110.95478558,29.07569729],[-110.95479714,29.07574897],[-110.95480869,29.07580062],[-110.95482026,29.07585229],[-110.9548318,29.07590395],[-110.95471735,29.07591228],[-110.95469272,29.07591406],[-110.95455365,29.07592417],[-110.95447725,29.07592971],[-110.95441454,29.07593428],[-110.95427546,29.07594438],[-110.95399729,29.0759646],[-110.95394991,29.07581338],[-110.95394992,29.075766]]]]}},{"type":"Feature","properties":{"cvegeo":"2603000013352019","nom_ent":"Sonora","nom_mun":"Hermosillo","nom_loc":"Hermosillo","cve_ageb":"3352","cve_mza":"019","ambito":"Urbana","tipomza":"Típica"},"geometry":{"type":"MultiPolygon","crs":{"type":"name","properties":{"name":"EPSG:6365"}},"coordinates":[[[[-110.95566552,29.07525435],[-110.95569623,29.07553866],[-110.95569535,29.07554966],[-110.95567175,29.07584557],[-110.95516311,29.075878],[-110.95490878,29.07589422],[-110.95481298,29.07547308],[-110.95566552,29.07525435]]]]}},{"type":"Feature","properties":{"cvegeo":"2603000013352015","nom_ent":"Sonora","nom_mun":"Hermosillo","nom_loc":"Hermosillo","cve_ageb":"3352","cve_mza":"015","ambito":"Urbana","tipomza":"Típica"},"geometry":{"type":"MultiPolygon","crs":{"type":"name","properties":{"name":"EPSG:6365"}},"coordinates":[[[[-110.95314308,29.07606602],[-110.95345052,29.07605277],[-110.95351494,29.07648955],[-110.95286975,29.0765148],[-110.952835629,29.07607929],[-110.95314308,29.07606602]]]]}},{"type":"Feature","properties":{"cvegeo":"2603000013371011","nom_ent":"Sonora","nom_mun":"Hermosillo","nom_loc":"Hermosillo","cve_ageb":"3371","cve_mza":"011","ambito":"Urbana","tipomza":"Típica"},"geometry":{"type":"MultiPolygon","crs":{"type":"name","properties":{"name":"EPSG:6365"}},"coordinates":[[[[-110.95388391,29.07361071],[-110.95431726,29.07361989],[-110.95428123,29.07380266],[-110.9538736,29.07370323],[-110.95388391,29.07361071]]]]}},{"type":"Feature","properties":{"cvegeo":"2603000013371019","nom_ent":"Sonora","nom_mun":"Hermosillo","nom_loc":"Hermosillo","cve_ageb":"3371","cve_mza":"019","ambito":"Urbana","tipomza":"Típica"},"geometry":{"type":"MultiPolygon","crs":{"type":"name","properties":{"name":"EPSG:6365"}},"coordinates":[[[[-110.956101816,29.075096439],[-110.95529791,29.0753016],[-110.95538145,29.07453666],[-110.956036242,29.07448379],[-110.956101816,29.075096439]]]]}},{"type":"Feature","properties":{"cvegeo":"2603000013371007","nom_ent":"Sonora","nom_mun":"Hermosillo","nom_loc":"Hermosillo","cve_ageb":"3371","cve_mza":"007","ambito":"Urbana","tipomza":"Típica"},"geometry":{"type":"MultiPolygon","crs":{"type":"name","properties":{"name":"EPSG:6365"}},"coordinates":[[[[-110.956031675,29.074441122],[-110.95573268,29.07446771],[-110.95539125,29.07449806],[-110.95540643,29.07407383],[-110.95565149,29.07406308],[-110.955980426,29.074048646],[-110.956031675,29.074441122]]]]}},{"type":"Feature","properties":{"cvegeo":"2603000013371005","nom_ent":"Sonora","nom_mun":"Hermosillo","nom_loc":"Hermosillo","cve_ageb":"3371","cve_mza":"005","ambito":"Urbana","tipomza":"Típica"},"geometry":{"type":"MultiPolygon","crs":{"type":"name","properties":{"name":"EPSG:6365"}},"coordinates":[[[[-110.955886869,29.073447678],[-110.95536662,29.07349614],[-110.95530717,29.07290942],[-110.955655549,29.07285537],[-110.95577168,29.07283735],[-110.955802755,29.072907363],[-110.955886869,29.073447678]]]]}},{"type":"Feature","properties":{"cvegeo":"2603000013352006","nom_ent":"Sonora","nom_mun":"Hermosillo","nom_loc":"Hermosillo","cve_ageb":"3352","cve_mza":"006","ambito":"Urbana","tipomza":"Típica"},"geometry":{"type":"MultiPolygon","crs":{"type":"name","properties":{"name":"EPSG:6365"}},"coordinates":[[[[-110.956465483,29.077681748],[-110.95584498,29.07773435],[-110.95573745,29.07694],[-110.95608054,29.07688097],[-110.95628528,29.07684574],[-110.956308961,29.076841662],[-110.956465483,29.077681748]]]]}},{"type":"Feature","properties":{"cvegeo":"2603000013352005","nom_ent":"Sonora","nom_mun":"Hermosillo","nom_loc":"Hermosillo","cve_ageb":"3352","cve_mza":"005","ambito":"Urbana","tipomza":"Típica"},"geometry":{"type":"MultiPolygon","crs":{"type":"name","properties":{"name":"EPSG:6365"}},"coordinates":[[[[-110.956174979,29.076171743],[-110.956291897,29.076756338],[-110.95599683,29.07681178],[-110.955794,29.07684989],[-110.955746181,29.07685888],[-110.95572268,29.07686329],[-110.95563555,29.0764142],[-110.95561486,29.07600351],[-110.95590669,29.07594042],[-110.956154906,29.075914819],[-110.956174979,29.076171743]]]]}},{"type":"Feature","properties":{"cvegeo":"2603000013352022","nom_ent":"Sonora","nom_mun":"Hermosillo","nom_loc":"Hermosillo","cve_ageb":"3352","cve_mza":"022","ambito":"Urbana","tipomza":"Típica"},"geometry":{"type":"MultiPolygon","crs":{"type":"name","properties":{"name":"EPSG:6365"}},"coordinates":[[[[-110.956706823,29.075114281],[-110.95671045,29.07528403],[-110.95674988,29.07550842],[-110.95676958,29.07562062],[-110.95679005,29.07573709],[-110.95666566,29.07574625],[-110.95654374,29.07575525],[-110.95630855,29.07577258],[-110.95628258,29.07555177],[-110.95625632,29.07532854],[-110.95623031,29.07510742],[-110.956235277,29.075083539],[-110.956250919,29.075031951],[-110.956308028,29.07495343],[-110.956567862,29.074756415],[-110.956604507,29.074705614],[-110.95663068,29.074664562],[-110.956706823,29.075114281]]]]}},{"type":"Feature","properties":{"cvegeo":"2603000013371018","nom_ent":"Sonora","nom_mun":"Hermosillo","nom_loc":"Hermosillo","cve_ageb":"3371","cve_mza":"018","ambito":"Urbana","tipomza":"Económica"},"geometry":{"type":"MultiPolygon","crs":{"type":"name","properties":{"name":"EPSG:6365"}},"coordinates":[[[[-110.95653788,29.074673602],[-110.956499337,29.074727858],[-110.956443657,29.074779251],[-110.956387972,29.074816371],[-110.95632395,29.07485148],[-110.95625529,29.07489705],[-110.95623278,29.07493652],[-110.95620617,29.0750038],[-110.956190956,29.075034045],[-110.956090985,29.074175023],[-110.956054256,29.073859424],[-110.95639697,29.07383172],[-110.95642262,29.07390269],[-110.95646109,29.07400914],[-110.95654637,29.07433917],[-110.956567863,29.074576522],[-110.95656358,29.07462792],[-110.95653788,29.074673602]]]]}},{"type":"Feature","properties":{"cvegeo":"2603000013352027","nom_ent":"Sonora","nom_mun":"Hermosillo","nom_loc":"Hermosillo","cve_ageb":"3352","cve_mza":"027","ambito":"Urbana","tipomza":"Típica"},"geometry":{"type":"MultiPolygon","crs":{"type":"name","properties":{"name":"EPSG:6365"}},"coordinates":[[[[-110.956741289,29.078822462],[-110.956779378,29.079040835],[-110.95607395,29.07907706],[-110.95596635,29.07842038],[-110.956614137,29.078368761],[-110.956741289,29.078822462]]]]}},{"type":"Feature","properties":{"cvegeo":"2603000013352007","nom_ent":"Sonora","nom_mun":"Hermosillo","nom_loc":"Hermosillo","cve_ageb":"3352","cve_mza":"007","ambito":"Urbana","tipomza":"Típica"},"geometry":{"type":"MultiPolygon","crs":{"type":"name","properties":{"name":"EPSG:6365"}},"coordinates":[[[[-110.956531894,29.078075312],[-110.956592392,29.078291169],[-110.95594232,29.07835268],[-110.95585648,29.077784],[-110.956474484,29.077735091],[-110.956531894,29.078075312]]]]}},{"type":"Feature","properties":{"cvegeo":"2603000013352021","nom_ent":"Sonora","nom_mun":"Hermosillo","nom_loc":"Hermosillo","cve_ageb":"3352","cve_mza":"021","ambito":"Urbana","tipomza":"Típica"},"geometry":{"type":"MultiPolygon","crs":{"type":"name","properties":{"name":"EPSG:6365"}},"coordinates":[[[[-110.95614499,29.075787907],[-110.95611652,29.0757906],[-110.95572178,29.07582795],[-110.95573125,29.07556352],[-110.956116965,29.075429184],[-110.95614499,29.075787907]]]]}},{"type":"Feature","properties":{"cvegeo":"2603000013352020","nom_ent":"Sonora","nom_mun":"Hermosillo","nom_loc":"Hermosillo","cve_ageb":"3352","cve_mza":"020","ambito":"Urbana","tipomza":"Típica"},"geometry":{"type":"MultiPolygon","crs":{"type":"name","properties":{"name":"EPSG:6365"}},"coordinates":[[[[-110.956103597,29.075258031],[-110.956114327,29.075395418],[-110.95573323,29.07552966],[-110.95571886,29.07538751],[-110.95570446,29.07524532],[-110.956096182,29.075146852],[-110.956103597,29.075258031]]]]}},{"type":"Feature","properties":{"cvegeo":"2603000013371006","nom_ent":"Sonora","nom_mun":"Hermosillo","nom_loc":"Hermosillo","cve_ageb":"3371","cve_mza":"006","ambito":"Urbana","tipomza":"Típica"},"geometry":{"type":"MultiPolygon","crs":{"type":"name","properties":{"name":"EPSG:6365"}},"coordinates":[[[[-110.955971248,29.073989697],[-110.95540646,29.07401065],[-110.95538097,29.07355255],[-110.955896646,29.073510482],[-110.955971248,29.073989697]]]]}},{"type":"Feature","properties":{"cvegeo":"2603000013047030","nom_ent":"Sonora","nom_mun":"Hermosillo","nom_loc":"Hermosillo","cve_ageb":"3047","cve_mza":"030","ambito":"Urbana","tipomza":"Típica"},"geometry":{"type":"MultiPolygon","crs":{"type":"name","properties":{"name":"EPSG:6365"}},"coordinates":[[[[-110.959964019,29.070391291],[-110.95995868,29.07032035],[-110.962267852,29.070322681],[-110.962269154,29.070338822],[-110.962297105,29.070685297],[-110.961863394,29.070715682],[-110.961688152,29.070692317],[-110.96123908,29.070732235],[-110.961226265,29.070647575],[-110.961191863,29.07064834],[-110.961154041,29.07064918],[-110.961126033,29.070649803],[-110.961028491,29.070651972],[-110.960889726,29.070642303],[-110.960568569,29.070616223],[-110.960301058,29.070601865],[-110.96030238,29.070642096],[-110.960515595,29.070663573],[-110.960650607,29.070675451],[-110.960839232,29.070702952],[-110.9609567,29.070720079],[-110.961041436,29.070732434],[-110.961055513,29.070802826],[-110.960677734,29.07084758],[-110.960341121,29.070847688],[-110.960021006,29.070847791],[-110.959981779,29.070627751],[-110.959964019,29.070391291]]]]}},{"type":"Feature","properties":{"cvegeo":"2603000013371049","nom_ent":"Sonora","nom_mun":"Hermosillo","nom_loc":"Hermosillo","cve_ageb":"3371","cve_mza":"049","ambito":"Urbana","tipomza":"Típica"},"geometry":{"type":"MultiPolygon","crs":{"type":"name","properties":{"name":"EPSG:6365"}},"coordinates":[[[[-110.950244739,29.070159821],[-110.950158819,29.07019188],[-110.95000946,29.07023223],[-110.949838999,29.070256021],[-110.949591199,29.07028903],[-110.94949063,29.070300451],[-110.94925598,29.070357181],[-110.94895071,29.07041032],[-110.948919573,29.070421761],[-110.948884169,29.070434771],[-110.948814309,29.070452351],[-110.94877194,29.070463001],[-110.94868422,29.070485081],[-110.94865777,29.07027897],[-110.948625619,29.070278401],[-110.948597121,29.070138571],[-110.94857514,29.070137311],[-110.948532769,29.069772981],[-110.94908298,29.06974509],[-110.949220539,29.06973812],[-110.949236369,29.06973732],[-110.94980283,29.06974308],[-110.95004671,29.069730141],[-110.950143119,29.069725021],[-110.950244739,29.070159821]]]]}},{"type":"Feature","properties":{"cvegeo":"2603000013371110","nom_ent":"Sonora","nom_mun":"Hermosillo","nom_loc":"Hermosillo","cve_ageb":"3371","cve_mza":"110","ambito":"Urbana","tipomza":"Típica"},"geometry":{"type":"MultiPolygon","crs":{"type":"name","properties":{"name":"EPSG:6365"}},"coordinates":[[[[-110.950947769,29.06966992],[-110.951037199,29.069676261],[-110.951294659,29.06966312],[-110.951340679,29.069891631],[-110.95106055,29.069928311],[-110.950271902,29.07014656],[-110.950196604,29.069726973],[-110.950947769,29.06966992]]]]}},{"type":"Feature","properties":{"cvegeo":"2603000013371023","nom_ent":"Sonora","nom_mun":"Hermosillo","nom_loc":"Hermosillo","cve_ageb":"3371","cve_mza":"023","ambito":"Urbana","tipomza":"Típica"},"geometry":{"type":"MultiPolygon","crs":{"type":"name","properties":{"name":"EPSG:6365"}},"coordinates":[[[[-110.95375377,29.071657291],[-110.95370915,29.071727491],[-110.953621259,29.07168488],[-110.953603109,29.071726451],[-110.953524019,29.07180365],[-110.953397,29.07186658],[-110.95333306,29.071819771],[-110.953211768,29.07174215],[-110.95310515,29.071685001],[-110.952974169,29.07159445],[-110.95287463,29.07153337],[-110.95273482,29.07146525],[-110.952623429,29.07139958],[-110.952661889,29.071325951],[-110.95269285,29.07124982],[-110.95271782,29.071181061],[-110.95273045,29.071150971],[-110.952787739,29.07109757],[-110.95275315,29.071026831],[-110.95271992,29.07100166],[-110.95268486,29.07093685],[-110.95284377,29.07066525],[-110.95292395,29.07062972],[-110.95326475,29.070888401],[-110.953178679,29.070983231],[-110.953196859,29.07100538],[-110.952998659,29.07118617],[-110.95320606,29.071317431],[-110.953275749,29.071355],[-110.95338294,29.07140822],[-110.953366599,29.07142549],[-110.953545679,29.07153228],[-110.95375377,29.071657291]]]]}},{"type":"Feature","properties":{"cvegeo":"2603000013371093","nom_ent":"Sonora","nom_mun":"Hermosillo","nom_loc":"Hermosillo","cve_ageb":"3371","cve_mza":"093","ambito":"Urbana","tipomza":"Típica"},"geometry":{"type":"MultiPolygon","crs":{"type":"name","properties":{"name":"EPSG:6365"}},"coordinates":[[[[-110.950173049,29.07516478],[-110.950188199,29.075296231],[-110.950190689,29.07539425],[-110.950170289,29.07575249],[-110.94987177,29.07570492],[-110.94995225,29.075206031],[-110.94992938,29.07520108],[-110.949894739,29.07519129],[-110.94985625,29.07541283],[-110.9498876,29.075436021],[-110.94984691,29.075701881],[-110.94943625,29.07564958],[-110.949416339,29.07535735],[-110.94939975,29.075113771],[-110.949595979,29.075119281],[-110.949596219,29.075073021],[-110.94957898,29.07507268],[-110.94956262,29.075072321],[-110.949561079,29.075095971],[-110.949391519,29.07507331],[-110.949390679,29.074848891],[-110.94956792,29.07488272],[-110.94957195,29.07496295],[-110.94968609,29.074984],[-110.94991011,29.075111861],[-110.950173049,29.07516478]]]]}},{"type":"Feature","properties":{"cvegeo":"2603000013371056","nom_ent":"Sonora","nom_mun":"Hermosillo","nom_loc":"Hermosillo","cve_ageb":"3371","cve_mza":"056","ambito":"Urbana","tipomza":"Típica"},"geometry":{"type":"MultiPolygon","crs":{"type":"name","properties":{"name":"EPSG:6365"}},"coordinates":[[[[-110.951280378,29.070981888],[-110.95127147,29.070879652],[-110.95135124,29.070897542],[-110.951354396,29.07098788],[-110.951280378,29.070981888]]]]}},{"type":"Feature","properties":{"cvegeo":"2603000013371026","nom_ent":"Sonora","nom_mun":"Hermosillo","nom_loc":"Hermosillo","cve_ageb":"3371","cve_mza":"026","ambito":"Urbana","tipomza":"Típica"},"geometry":{"type":"MultiPolygon","crs":{"type":"name","properties":{"name":"EPSG:6365"}},"coordinates":[[[[-110.953498012,29.071463242],[-110.953618374,29.071333114],[-110.953732128,29.071235167],[-110.953835771,29.071317595],[-110.954502667,29.071842378],[-110.954717579,29.072072491],[-110.95485131,29.072245586],[-110.95455772,29.072317752],[-110.954420935,29.072165318],[-110.954269258,29.072006541],[-110.953909309,29.071669401],[-110.9538117,29.071588386],[-110.953641266,29.071554895],[-110.953498012,29.071463242]]]]}},{"type":"Feature","properties":{"cvegeo":"2603000013371126","nom_ent":"Sonora","nom_mun":"Hermosillo","nom_loc":"Hermosillo","cve_ageb":"3371","cve_mza":"126","ambito":"Urbana","tipomza":"Típica"},"geometry":{"type":"MultiPolygon","crs":{"type":"name","properties":{"name":"EPSG:6365"}},"coordinates":[[[[-110.95349507,29.071439902],[-110.95341431,29.071381275],[-110.95337343,29.071354793],[-110.953327298,29.071337669],[-110.953276473,29.071315272],[-110.953222769,29.071290247],[-110.953144255,29.071246467],[-110.953076935,29.07117264],[-110.953239911,29.071030875],[-110.953224845,29.07101029],[-110.953319341,29.070919042],[-110.953509307,29.071054249],[-110.953717376,29.071224618],[-110.953594235,29.071331941],[-110.95349507,29.071439902]]]]}}],"originalResponseSha256":"1b81dbabfee676a199330a3445e26d3766038ae994b7ad438e8bb1cc0f6b1ed1"}
